project_id,activity_id,domain_id,institution_id,driving_source_id,driving_experiment_id,driving_variant_label,source_id,version_realization,frequency,version,time_range,variable_id,path
CORDEX,output,EUR-11,MOHC,ECMWF-ERAINT,evaluation,r1i1p1,HadREM3-GA7-05,v1,fx,v20200706,,orog,/mnt/CORDEX_CMIP6_tmp/aux_data/cmip5-cordex/CORDEX/output/EUR-11/MOHC/ECMWF-ERAINT/evaluation/r1i1p1/HadREM3-GA7-05/v1/fx/orog/v20200706/orog_EUR-11_ECMWF-ERAINT_evaluation_r1i1p1_MOHC-HadREM3-GA7-05_v1_fx.nc
CORDEX,output,EUR-11,MOHC,ECMWF-ERAINT,evaluation,r1i1p1,HadREM3-GA7-05,v1,fx,v20200706,,sftlf,/mnt/CORDEX_CMIP6_tmp/aux_data/cmip5-cordex/CORDEX/output/EUR-11/MOHC/ECMWF-ERAINT/evaluation/r1i1p1/HadREM3-GA7-05/v1/fx/sftlf/v20200706/sftlf_EUR-11_ECMWF-ERAINT_evaluation_r1i1p1_MOHC-HadREM3-GA7-05_v1_fx.nc
CORDEX,output,EUR-11,MOHC,ECMWF-ERAINT,evaluation,r1i1p1,HadREM3-GA7-05,v1,mon,v20200330,198212-199012,pr,/mnt/CORDEX_CMIP6_tmp/aux_data/cmip5-cordex/CORDEX/output/EUR-11/MOHC/ECMWF-ERAINT/evaluation/r1i1p1/HadREM3-GA7-05/v1/mon/pr/v20200330/pr_EUR-11_ECMWF-ERAINT_evaluation_r1i1p1_MOHC-HadREM3-GA7-05_v1_mon_198212-199012.nc
CORDEX,output,EUR-11,MOHC,ECMWF-ERAINT,evaluation,r1i1p1,HadREM3-GA7-05,v1,mon,v20200330,199101-200012,pr,/mnt/CORDEX_CMIP6_tmp/aux_data/cmip5-cordex/CORDEX/output/EUR-11/MOHC/ECMWF-ERAINT/evaluation/r1i1p1/HadREM3-GA7-05/v1/mon/pr/v20200330/pr_EUR-11_ECMWF-ERAINT_evaluation_r1i1p1_MOHC-HadREM3-GA7-05_v1_mon_199101-200012.nc
CORDEX,output,EUR-11,MOHC,ECMWF-ERAINT,evaluation,r1i1p1,HadREM3-GA7-05,v1,mon,v20200330,200101-201012,pr,/mnt/CORDEX_CMIP6_tmp/aux_data/cmip5-cordex/CORDEX/output/EUR-11/MOHC/ECMWF-ERAINT/evaluation/r1i1p1/HadREM3-GA7-05/v1/mon/pr/v20200330/pr_EUR-11_ECMWF-ERAINT_evaluation_r1i1p1_MOHC-HadREM3-GA7-05_v1_mon_200101-201012.nc
CORDEX,output,EUR-11,MOHC,ECMWF-ERAINT,evaluation,r1i1p1,HadREM3-GA7-05,v1,mon,v20200330,201101-201211,pr,/mnt/CORDEX_CMIP6_tmp/aux_data/cmip5-cordex/CORDEX/output/EUR-11/MOHC/ECMWF-ERAINT/evaluation/r1i1p1/HadREM3-GA7-05/v1/mon/pr/v20200330/pr_EUR-11_ECMWF-ERAINT_evaluation_r1i1p1_MOHC-HadREM3-GA7-05_v1_mon_201101-201211.nc
CORDEX,output,EUR-11,MOHC,ECMWF-ERAINT,evaluation,r1i1p1,HadREM3-GA7-05,v1,mon,v20200330,198212-199012,psl,/mnt/CORDEX_CMIP6_tmp/aux_data/cmip5-cordex/CORDEX/output/EUR-11/MOHC/ECMWF-ERAINT/evaluation/r1i1p1/HadREM3-GA7-05/v1/mon/psl/v20200330/psl_EUR-11_ECMWF-ERAINT_evaluation_r1i1p1_MOHC-HadREM3-GA7-05_v1_mon_198212-199012.nc
CORDEX,output,EUR-11,MOHC,ECMWF-ERAINT,evaluation,r1i1p1,HadREM3-GA7-05,v1,mon,v20200330,199101-200012,psl,/mnt/CORDEX_CMIP6_tmp/aux_data/cmip5-cordex/CORDEX/output/EUR-11/MOHC/ECMWF-ERAINT/evaluation/r1i1p1/HadREM3-GA7-05/v1/mon/psl/v20200330/psl_EUR-11_ECMWF-ERAINT_evaluation_r1i1p1_MOHC-HadREM3-GA7-05_v1_mon_199101-200012.nc
CORDEX,output,EUR-11,MOHC,ECMWF-ERAINT,evaluation,r1i1p1,HadREM3-GA7-05,v1,mon,v20200330,200101-201012,psl,/mnt/CORDEX_CMIP6_tmp/aux_data/cmip5-cordex/CORDEX/output/EUR-11/MOHC/ECMWF-ERAINT/evaluation/r1i1p1/HadREM3-GA7-05/v1/mon/psl/v20200330/psl_EUR-11_ECMWF-ERAINT_evaluation_r1i1p1_MOHC-HadREM3-GA7-05_v1_mon_200101-201012.nc
CORDEX,output,EUR-11,MOHC,ECMWF-ERAINT,evaluation,r1i1p1,HadREM3-GA7-05,v1,mon,v20200330,201101-201211,psl,/mnt/CORDEX_CMIP6_tmp/aux_data/cmip5-cordex/CORDEX/output/EUR-11/MOHC/ECMWF-ERAINT/evaluation/r1i1p1/HadREM3-GA7-05/v1/mon/psl/v20200330/psl_EUR-11_ECMWF-ERAINT_evaluation_r1i1p1_MOHC-HadREM3-GA7-05_v1_mon_201101-201211.nc
CORDEX,output,EUR-11,MOHC,ECMWF-ERAINT,evaluation,r1i1p1,HadREM3-GA7-05,v1,mon,v20200330,198212-199012,tas,/mnt/CORDEX_CMIP6_tmp/aux_data/cmip5-cordex/CORDEX/output/EUR-11/MOHC/ECMWF-ERAINT/evaluation/r1i1p1/HadREM3-GA7-05/v1/mon/tas/v20200330/tas_EUR-11_ECMWF-ERAINT_evaluation_r1i1p1_MOHC-HadREM3-GA7-05_v1_mon_198212-199012.nc
CORDEX,output,EUR-11,MOHC,ECMWF-ERAINT,evaluation,r1i1p1,HadREM3-GA7-05,v1,mon,v20200330,199101-200012,tas,/mnt/CORDEX_CMIP6_tmp/aux_data/cmip5-cordex/CORDEX/output/EUR-11/MOHC/ECMWF-ERAINT/evaluation/r1i1p1/HadREM3-GA7-05/v1/mon/tas/v20200330/tas_EUR-11_ECMWF-ERAINT_evaluation_r1i1p1_MOHC-HadREM3-GA7-05_v1_mon_199101-200012.nc
CORDEX,output,EUR-11,MOHC,ECMWF-ERAINT,evaluation,r1i1p1,HadREM3-GA7-05,v1,mon,v20200330,200101-201012,tas,/mnt/CORDEX_CMIP6_tmp/aux_data/cmip5-cordex/CORDEX/output/EUR-11/MOHC/ECMWF-ERAINT/evaluation/r1i1p1/HadREM3-GA7-05/v1/mon/tas/v20200330/tas_EUR-11_ECMWF-ERAINT_evaluation_r1i1p1_MOHC-HadREM3-GA7-05_v1_mon_200101-201012.nc
CORDEX,output,EUR-11,MOHC,ECMWF-ERAINT,evaluation,r1i1p1,HadREM3-GA7-05,v1,mon,v20200330,201101-201211,tas,/mnt/CORDEX_CMIP6_tmp/aux_data/cmip5-cordex/CORDEX/output/EUR-11/MOHC/ECMWF-ERAINT/evaluation/r1i1p1/HadREM3-GA7-05/v1/mon/tas/v20200330/tas_EUR-11_ECMWF-ERAINT_evaluation_r1i1p1_MOHC-HadREM3-GA7-05_v1_mon_201101-201211.nc
CORDEX,output,EUR-11,MOHC,ECMWF-ERAINT,evaluation,r1i1p1,HadREM3-GA7-05,v1,mon,v20200330,198212-199012,tasmax,/mnt/CORDEX_CMIP6_tmp/aux_data/cmip5-cordex/CORDEX/output/EUR-11/MOHC/ECMWF-ERAINT/evaluation/r1i1p1/HadREM3-GA7-05/v1/mon/tasmax/v20200330/tasmax_EUR-11_ECMWF-ERAINT_evaluation_r1i1p1_MOHC-HadREM3-GA7-05_v1_mon_198212-199012.nc
CORDEX,output,EUR-11,MOHC,ECMWF-ERAINT,evaluation,r1i1p1,HadREM3-GA7-05,v1,mon,v20200330,199101-200012,tasmax,/mnt/CORDEX_CMIP6_tmp/aux_data/cmip5-cordex/CORDEX/output/EUR-11/MOHC/ECMWF-ERAINT/evaluation/r1i1p1/HadREM3-GA7-05/v1/mon/tasmax/v20200330/tasmax_EUR-11_ECMWF-ERAINT_evaluation_r1i1p1_MOHC-HadREM3-GA7-05_v1_mon_199101-200012.nc
CORDEX,output,EUR-11,MOHC,ECMWF-ERAINT,evaluation,r1i1p1,HadREM3-GA7-05,v1,mon,v20200330,200101-201012,tasmax,/mnt/CORDEX_CMIP6_tmp/aux_data/cmip5-cordex/CORDEX/output/EUR-11/MOHC/ECMWF-ERAINT/evaluation/r1i1p1/HadREM3-GA7-05/v1/mon/tasmax/v20200330/tasmax_EUR-11_ECMWF-ERAINT_evaluation_r1i1p1_MOHC-HadREM3-GA7-05_v1_mon_200101-201012.nc
CORDEX,output,EUR-11,MOHC,ECMWF-ERAINT,evaluation,r1i1p1,HadREM3-GA7-05,v1,mon,v20200330,201101-201211,tasmax,/mnt/CORDEX_CMIP6_tmp/aux_data/cmip5-cordex/CORDEX/output/EUR-11/MOHC/ECMWF-ERAINT/evaluation/r1i1p1/HadREM3-GA7-05/v1/mon/tasmax/v20200330/tasmax_EUR-11_ECMWF-ERAINT_evaluation_r1i1p1_MOHC-HadREM3-GA7-05_v1_mon_201101-201211.nc
CORDEX,output,EUR-11,MOHC,ECMWF-ERAINT,evaluation,r1i1p1,HadREM3-GA7-05,v1,mon,v20200330,198212-199012,tasmin,/mnt/CORDEX_CMIP6_tmp/aux_data/cmip5-cordex/CORDEX/output/EUR-11/MOHC/ECMWF-ERAINT/evaluation/r1i1p1/HadREM3-GA7-05/v1/mon/tasmin/v20200330/tasmin_EUR-11_ECMWF-ERAINT_evaluation_r1i1p1_MOHC-HadREM3-GA7-05_v1_mon_198212-199012.nc
CORDEX,output,EUR-11,MOHC,ECMWF-ERAINT,evaluation,r1i1p1,HadREM3-GA7-05,v1,mon,v20200330,199101-200012,tasmin,/mnt/CORDEX_CMIP6_tmp/aux_data/cmip5-cordex/CORDEX/output/EUR-11/MOHC/ECMWF-ERAINT/evaluation/r1i1p1/HadREM3-GA7-05/v1/mon/tasmin/v20200330/tasmin_EUR-11_ECMWF-ERAINT_evaluation_r1i1p1_MOHC-HadREM3-GA7-05_v1_mon_199101-200012.nc
CORDEX,output,EUR-11,MOHC,ECMWF-ERAINT,evaluation,r1i1p1,HadREM3-GA7-05,v1,mon,v20200330,200101-201012,tasmin,/mnt/CORDEX_CMIP6_tmp/aux_data/cmip5-cordex/CORDEX/output/EUR-11/MOHC/ECMWF-ERAINT/evaluation/r1i1p1/HadREM3-GA7-05/v1/mon/tasmin/v20200330/tasmin_EUR-11_ECMWF-ERAINT_evaluation_r1i1p1_MOHC-HadREM3-GA7-05_v1_mon_200101-201012.nc
CORDEX,output,EUR-11,MOHC,ECMWF-ERAINT,evaluation,r1i1p1,HadREM3-GA7-05,v1,mon,v20200330,201101-201211,tasmin,/mnt/CORDEX_CMIP6_tmp/aux_data/cmip5-cordex/CORDEX/output/EUR-11/MOHC/ECMWF-ERAINT/evaluation/r1i1p1/HadREM3-GA7-05/v1/mon/tasmin/v20200330/tasmin_EUR-11_ECMWF-ERAINT_evaluation_r1i1p1_MOHC-HadREM3-GA7-05_v1_mon_201101-201211.nc
CORDEX,output,EUR-11,CNRM,ECMWF-ERAINT,evaluation,r1i1p1,ALADIN53,v1,fx,v20150127,,orog,/mnt/CORDEX_CMIP6_tmp/aux_data/cmip5-cordex/CORDEX/output/EUR-11/CNRM/ECMWF-ERAINT/evaluation/r1i1p1/ALADIN53/v1/fx/orog/v20150127/orog_EUR-11_ECMWF-ERAINT_evaluation_r1i1p1_CNRM-ALADIN53_v1_fx.nc
CORDEX,output,EUR-11,CNRM,ECMWF-ERAINT,evaluation,r1i1p1,ALADIN53,v1,fx,v20150127,,sftlf,/mnt/CORDEX_CMIP6_tmp/aux_data/cmip5-cordex/CORDEX/output/EUR-11/CNRM/ECMWF-ERAINT/evaluation/r1i1p1/ALADIN53/v1/fx/sftlf/v20150127/sftlf_EUR-11_ECMWF-ERAINT_evaluation_r1i1p1_CNRM-ALADIN53_v1_fx.nc
CORDEX,output,EUR-11,CNRM,ECMWF-ERAINT,evaluation,r1i1p1,ALADIN53,v1,mon,v20150127,197901-198012,pr,/mnt/CORDEX_CMIP6_tmp/aux_data/cmip5-cordex/CORDEX/output/EUR-11/CNRM/ECMWF-ERAINT/evaluation/r1i1p1/ALADIN53/v1/mon/pr/v20150127/pr_EUR-11_ECMWF-ERAINT_evaluation_r1i1p1_CNRM-ALADIN53_v1_mon_197901-198012.nc
CORDEX,output,EUR-11,CNRM,ECMWF-ERAINT,evaluation,r1i1p1,ALADIN53,v1,mon,v20150127,198101-199012,pr,/mnt/CORDEX_CMIP6_tmp/aux_data/cmip5-cordex/CORDEX/output/EUR-11/CNRM/ECMWF-ERAINT/evaluation/r1i1p1/ALADIN53/v1/mon/pr/v20150127/pr_EUR-11_ECMWF-ERAINT_evaluation_r1i1p1_CNRM-ALADIN53_v1_mon_198101-199012.nc
CORDEX,output,EUR-11,CNRM,ECMWF-ERAINT,evaluation,r1i1p1,ALADIN53,v1,mon,v20150127,199101-200012,pr,/mnt/CORDEX_CMIP6_tmp/aux_data/cmip5-cordex/CORDEX/output/EUR-11/CNRM/ECMWF-ERAINT/evaluation/r1i1p1/ALADIN53/v1/mon/pr/v20150127/pr_EUR-11_ECMWF-ERAINT_evaluation_r1i1p1_CNRM-ALADIN53_v1_mon_199101-200012.nc
CORDEX,output,EUR-11,CNRM,ECMWF-ERAINT,evaluation,r1i1p1,ALADIN53,v1,mon,v20150127,200101-200812,pr,/mnt/CORDEX_CMIP6_tmp/aux_data/cmip5-cordex/CORDEX/output/EUR-11/CNRM/ECMWF-ERAINT/evaluation/r1i1p1/ALADIN53/v1/mon/pr/v20150127/pr_EUR-11_ECMWF-ERAINT_evaluation_r1i1p1_CNRM-ALADIN53_v1_mon_200101-200812.nc
CORDEX,output,EUR-11,CNRM,ECMWF-ERAINT,evaluation,r1i1p1,ALADIN53,v1,mon,v20150127,197901-198012,psl,/mnt/CORDEX_CMIP6_tmp/aux_data/cmip5-cordex/CORDEX/output/EUR-11/CNRM/ECMWF-ERAINT/evaluation/r1i1p1/ALADIN53/v1/mon/psl/v20150127/psl_EUR-11_ECMWF-ERAINT_evaluation_r1i1p1_CNRM-ALADIN53_v1_mon_197901-198012.nc
CORDEX,output,EUR-11,CNRM,ECMWF-ERAINT,evaluation,r1i1p1,ALADIN53,v1,mon,v20150127,198101-199012,psl,/mnt/CORDEX_CMIP6_tmp/aux_data/cmip5-cordex/CORDEX/output/EUR-11/CNRM/ECMWF-ERAINT/evaluation/r1i1p1/ALADIN53/v1/mon/psl/v20150127/psl_EUR-11_ECMWF-ERAINT_evaluation_r1i1p1_CNRM-ALADIN53_v1_mon_198101-199012.nc
CORDEX,output,EUR-11,CNRM,ECMWF-ERAINT,evaluation,r1i1p1,ALADIN53,v1,mon,v20150127,199101-200012,psl,/mnt/CORDEX_CMIP6_tmp/aux_data/cmip5-cordex/CORDEX/output/EUR-11/CNRM/ECMWF-ERAINT/evaluation/r1i1p1/ALADIN53/v1/mon/psl/v20150127/psl_EUR-11_ECMWF-ERAINT_evaluation_r1i1p1_CNRM-ALADIN53_v1_mon_199101-200012.nc
CORDEX,output,EUR-11,CNRM,ECMWF-ERAINT,evaluation,r1i1p1,ALADIN53,v1,mon,v20150127,200101-200812,psl,/mnt/CORDEX_CMIP6_tmp/aux_data/cmip5-cordex/CORDEX/output/EUR-11/CNRM/ECMWF-ERAINT/evaluation/r1i1p1/ALADIN53/v1/mon/psl/v20150127/psl_EUR-11_ECMWF-ERAINT_evaluation_r1i1p1_CNRM-ALADIN53_v1_mon_200101-200812.nc
CORDEX,output,EUR-11,CNRM,ECMWF-ERAINT,evaluation,r1i1p1,ALADIN53,v1,mon,v20150127,197901-198012,tas,/mnt/CORDEX_CMIP6_tmp/aux_data/cmip5-cordex/CORDEX/output/EUR-11/CNRM/ECMWF-ERAINT/evaluation/r1i1p1/ALADIN53/v1/mon/tas/v20150127/tas_EUR-11_ECMWF-ERAINT_evaluation_r1i1p1_CNRM-ALADIN53_v1_mon_197901-198012.nc
CORDEX,output,EUR-11,CNRM,ECMWF-ERAINT,evaluation,r1i1p1,ALADIN53,v1,mon,v20150127,198101-199012,tas,/mnt/CORDEX_CMIP6_tmp/aux_data/cmip5-cordex/CORDEX/output/EUR-11/CNRM/ECMWF-ERAINT/evaluation/r1i1p1/ALADIN53/v1/mon/tas/v20150127/tas_EUR-11_ECMWF-ERAINT_evaluation_r1i1p1_CNRM-ALADIN53_v1_mon_198101-199012.nc
CORDEX,output,EUR-11,CNRM,ECMWF-ERAINT,evaluation,r1i1p1,ALADIN53,v1,mon,v20150127,199101-200012,tas,/mnt/CORDEX_CMIP6_tmp/aux_data/cmip5-cordex/CORDEX/output/EUR-11/CNRM/ECMWF-ERAINT/evaluation/r1i1p1/ALADIN53/v1/mon/tas/v20150127/tas_EUR-11_ECMWF-ERAINT_evaluation_r1i1p1_CNRM-ALADIN53_v1_mon_199101-200012.nc
CORDEX,output,EUR-11,CNRM,ECMWF-ERAINT,evaluation,r1i1p1,ALADIN53,v1,mon,v20150127,200101-200812,tas,/mnt/CORDEX_CMIP6_tmp/aux_data/cmip5-cordex/CORDEX/output/EUR-11/CNRM/ECMWF-ERAINT/evaluation/r1i1p1/ALADIN53/v1/mon/tas/v20150127/tas_EUR-11_ECMWF-ERAINT_evaluation_r1i1p1_CNRM-ALADIN53_v1_mon_200101-200812.nc
CORDEX,output,EUR-11,CNRM,ECMWF-ERAINT,evaluation,r1i1p1,ALADIN53,v1,mon,v20150127,197901-198012,tasmax,/mnt/CORDEX_CMIP6_tmp/aux_data/cmip5-cordex/CORDEX/output/EUR-11/CNRM/ECMWF-ERAINT/evaluation/r1i1p1/ALADIN53/v1/mon/tasmax/v20150127/tasmax_EUR-11_ECMWF-ERAINT_evaluation_r1i1p1_CNRM-ALADIN53_v1_mon_197901-198012.nc
CORDEX,output,EUR-11,CNRM,ECMWF-ERAINT,evaluation,r1i1p1,ALADIN53,v1,mon,v20150127,198101-199012,tasmax,/mnt/CORDEX_CMIP6_tmp/aux_data/cmip5-cordex/CORDEX/output/EUR-11/CNRM/ECMWF-ERAINT/evaluation/r1i1p1/ALADIN53/v1/mon/tasmax/v20150127/tasmax_EUR-11_ECMWF-ERAINT_evaluation_r1i1p1_CNRM-ALADIN53_v1_mon_198101-199012.nc
CORDEX,output,EUR-11,CNRM,ECMWF-ERAINT,evaluation,r1i1p1,ALADIN53,v1,mon,v20150127,199101-200012,tasmax,/mnt/CORDEX_CMIP6_tmp/aux_data/cmip5-cordex/CORDEX/output/EUR-11/CNRM/ECMWF-ERAINT/evaluation/r1i1p1/ALADIN53/v1/mon/tasmax/v20150127/tasmax_EUR-11_ECMWF-ERAINT_evaluation_r1i1p1_CNRM-ALADIN53_v1_mon_199101-200012.nc
CORDEX,output,EUR-11,CNRM,ECMWF-ERAINT,evaluation,r1i1p1,ALADIN53,v1,mon,v20150127,200101-200812,tasmax,/mnt/CORDEX_CMIP6_tmp/aux_data/cmip5-cordex/CORDEX/output/EUR-11/CNRM/ECMWF-ERAINT/evaluation/r1i1p1/ALADIN53/v1/mon/tasmax/v20150127/tasmax_EUR-11_ECMWF-ERAINT_evaluation_r1i1p1_CNRM-ALADIN53_v1_mon_200101-200812.nc
CORDEX,output,EUR-11,CNRM,ECMWF-ERAINT,evaluation,r1i1p1,ALADIN53,v1,mon,v20150127,197901-198012,tasmin,/mnt/CORDEX_CMIP6_tmp/aux_data/cmip5-cordex/CORDEX/output/EUR-11/CNRM/ECMWF-ERAINT/evaluation/r1i1p1/ALADIN53/v1/mon/tasmin/v20150127/tasmin_EUR-11_ECMWF-ERAINT_evaluation_r1i1p1_CNRM-ALADIN53_v1_mon_197901-198012.nc
CORDEX,output,EUR-11,CNRM,ECMWF-ERAINT,evaluation,r1i1p1,ALADIN53,v1,mon,v20150127,198101-199012,tasmin,/mnt/CORDEX_CMIP6_tmp/aux_data/cmip5-cordex/CORDEX/output/EUR-11/CNRM/ECMWF-ERAINT/evaluation/r1i1p1/ALADIN53/v1/mon/tasmin/v20150127/tasmin_EUR-11_ECMWF-ERAINT_evaluation_r1i1p1_CNRM-ALADIN53_v1_mon_198101-199012.nc
CORDEX,output,EUR-11,CNRM,ECMWF-ERAINT,evaluation,r1i1p1,ALADIN53,v1,mon,v20150127,199101-200012,tasmin,/mnt/CORDEX_CMIP6_tmp/aux_data/cmip5-cordex/CORDEX/output/EUR-11/CNRM/ECMWF-ERAINT/evaluation/r1i1p1/ALADIN53/v1/mon/tasmin/v20150127/tasmin_EUR-11_ECMWF-ERAINT_evaluation_r1i1p1_CNRM-ALADIN53_v1_mon_199101-200012.nc
CORDEX,output,EUR-11,CNRM,ECMWF-ERAINT,evaluation,r1i1p1,ALADIN53,v1,mon,v20150127,200101-200812,tasmin,/mnt/CORDEX_CMIP6_tmp/aux_data/cmip5-cordex/CORDEX/output/EUR-11/CNRM/ECMWF-ERAINT/evaluation/r1i1p1/ALADIN53/v1/mon/tasmin/v20150127/tasmin_EUR-11_ECMWF-ERAINT_evaluation_r1i1p1_CNRM-ALADIN53_v1_mon_200101-200812.nc
CORDEX,output,EUR-11,CNRM,ECMWF-ERAINT,evaluation,r1i1p1,ALADIN63,v1,fx,v20191118,,orog,/mnt/CORDEX_CMIP6_tmp/aux_data/cmip5-cordex/CORDEX/output/EUR-11/CNRM/ECMWF-ERAINT/evaluation/r1i1p1/ALADIN63/v1/fx/orog/v20191118/orog_EUR-11_ECMWF-ERAINT_evaluation_r1i1p1_CNRM-ALADIN63_v1_fx.nc
CORDEX,output,EUR-11,CNRM,ECMWF-ERAINT,evaluation,r1i1p1,ALADIN63,v1,fx,v20191118,,sftlf,/mnt/CORDEX_CMIP6_tmp/aux_data/cmip5-cordex/CORDEX/output/EUR-11/CNRM/ECMWF-ERAINT/evaluation/r1i1p1/ALADIN63/v1/fx/sftlf/v20191118/sftlf_EUR-11_ECMWF-ERAINT_evaluation_r1i1p1_CNRM-ALADIN63_v1_fx.nc
CORDEX,output,EUR-11,CNRM,ECMWF-ERAINT,evaluation,r1i1p1,ALADIN63,v1,mon,v20191118,197901-198012,pr,/mnt/CORDEX_CMIP6_tmp/aux_data/cmip5-cordex/CORDEX/output/EUR-11/CNRM/ECMWF-ERAINT/evaluation/r1i1p1/ALADIN63/v1/mon/pr/v20191118/pr_EUR-11_ECMWF-ERAINT_evaluation_r1i1p1_CNRM-ALADIN63_v1_mon_197901-198012.nc
CORDEX,output,EUR-11,CNRM,ECMWF-ERAINT,evaluation,r1i1p1,ALADIN63,v1,mon,v20191118,198101-199012,pr,/mnt/CORDEX_CMIP6_tmp/aux_data/cmip5-cordex/CORDEX/output/EUR-11/CNRM/ECMWF-ERAINT/evaluation/r1i1p1/ALADIN63/v1/mon/pr/v20191118/pr_EUR-11_ECMWF-ERAINT_evaluation_r1i1p1_CNRM-ALADIN63_v1_mon_198101-199012.nc
CORDEX,output,EUR-11,CNRM,ECMWF-ERAINT,evaluation,r1i1p1,ALADIN63,v1,mon,v20191118,199101-200012,pr,/mnt/CORDEX_CMIP6_tmp/aux_data/cmip5-cordex/CORDEX/output/EUR-11/CNRM/ECMWF-ERAINT/evaluation/r1i1p1/ALADIN63/v1/mon/pr/v20191118/pr_EUR-11_ECMWF-ERAINT_evaluation_r1i1p1_CNRM-ALADIN63_v1_mon_199101-200012.nc
CORDEX,output,EUR-11,CNRM,ECMWF-ERAINT,evaluation,r1i1p1,ALADIN63,v1,mon,v20191118,200101-201012,pr,/mnt/CORDEX_CMIP6_tmp/aux_data/cmip5-cordex/CORDEX/output/EUR-11/CNRM/ECMWF-ERAINT/evaluation/r1i1p1/ALADIN63/v1/mon/pr/v20191118/pr_EUR-11_ECMWF-ERAINT_evaluation_r1i1p1_CNRM-ALADIN63_v1_mon_200101-201012.nc
CORDEX,output,EUR-11,CNRM,ECMWF-ERAINT,evaluation,r1i1p1,ALADIN63,v1,mon,v20191118,201101-201812,pr,/mnt/CORDEX_CMIP6_tmp/aux_data/cmip5-cordex/CORDEX/output/EUR-11/CNRM/ECMWF-ERAINT/evaluation/r1i1p1/ALADIN63/v1/mon/pr/v20191118/pr_EUR-11_ECMWF-ERAINT_evaluation_r1i1p1_CNRM-ALADIN63_v1_mon_201101-201812.nc
CORDEX,output,EUR-11,CNRM,ECMWF-ERAINT,evaluation,r1i1p1,ALADIN63,v1,mon,v20191118,197901-198012,psl,/mnt/CORDEX_CMIP6_tmp/aux_data/cmip5-cordex/CORDEX/output/EUR-11/CNRM/ECMWF-ERAINT/evaluation/r1i1p1/ALADIN63/v1/mon/psl/v20191118/psl_EUR-11_ECMWF-ERAINT_evaluation_r1i1p1_CNRM-ALADIN63_v1_mon_197901-198012.nc
CORDEX,output,EUR-11,CNRM,ECMWF-ERAINT,evaluation,r1i1p1,ALADIN63,v1,mon,v20191118,198101-199012,psl,/mnt/CORDEX_CMIP6_tmp/aux_data/cmip5-cordex/CORDEX/output/EUR-11/CNRM/ECMWF-ERAINT/evaluation/r1i1p1/ALADIN63/v1/mon/psl/v20191118/psl_EUR-11_ECMWF-ERAINT_evaluation_r1i1p1_CNRM-ALADIN63_v1_mon_198101-199012.nc
CORDEX,output,EUR-11,CNRM,ECMWF-ERAINT,evaluation,r1i1p1,ALADIN63,v1,mon,v20191118,199101-200012,psl,/mnt/CORDEX_CMIP6_tmp/aux_data/cmip5-cordex/CORDEX/output/EUR-11/CNRM/ECMWF-ERAINT/evaluation/r1i1p1/ALADIN63/v1/mon/psl/v20191118/psl_EUR-11_ECMWF-ERAINT_evaluation_r1i1p1_CNRM-ALADIN63_v1_mon_199101-200012.nc
CORDEX,output,EUR-11,CNRM,ECMWF-ERAINT,evaluation,r1i1p1,ALADIN63,v1,mon,v20191118,200101-201012,psl,/mnt/CORDEX_CMIP6_tmp/aux_data/cmip5-cordex/CORDEX/output/EUR-11/CNRM/ECMWF-ERAINT/evaluation/r1i1p1/ALADIN63/v1/mon/psl/v20191118/psl_EUR-11_ECMWF-ERAINT_evaluation_r1i1p1_CNRM-ALADIN63_v1_mon_200101-201012.nc
CORDEX,output,EUR-11,CNRM,ECMWF-ERAINT,evaluation,r1i1p1,ALADIN63,v1,mon,v20191118,201101-201812,psl,/mnt/CORDEX_CMIP6_tmp/aux_data/cmip5-cordex/CORDEX/output/EUR-11/CNRM/ECMWF-ERAINT/evaluation/r1i1p1/ALADIN63/v1/mon/psl/v20191118/psl_EUR-11_ECMWF-ERAINT_evaluation_r1i1p1_CNRM-ALADIN63_v1_mon_201101-201812.nc
CORDEX,output,EUR-11,CNRM,ECMWF-ERAINT,evaluation,r1i1p1,ALADIN63,v1,mon,v20191118,197901-198012,tas,/mnt/CORDEX_CMIP6_tmp/aux_data/cmip5-cordex/CORDEX/output/EUR-11/CNRM/ECMWF-ERAINT/evaluation/r1i1p1/ALADIN63/v1/mon/tas/v20191118/tas_EUR-11_ECMWF-ERAINT_evaluation_r1i1p1_CNRM-ALADIN63_v1_mon_197901-198012.nc
CORDEX,output,EUR-11,CNRM,ECMWF-ERAINT,evaluation,r1i1p1,ALADIN63,v1,mon,v20191118,198101-199012,tas,/mnt/CORDEX_CMIP6_tmp/aux_data/cmip5-cordex/CORDEX/output/EUR-11/CNRM/ECMWF-ERAINT/evaluation/r1i1p1/ALADIN63/v1/mon/tas/v20191118/tas_EUR-11_ECMWF-ERAINT_evaluation_r1i1p1_CNRM-ALADIN63_v1_mon_198101-199012.nc
CORDEX,output,EUR-11,CNRM,ECMWF-ERAINT,evaluation,r1i1p1,ALADIN63,v1,mon,v20191118,199101-200012,tas,/mnt/CORDEX_CMIP6_tmp/aux_data/cmip5-cordex/CORDEX/output/EUR-11/CNRM/ECMWF-ERAINT/evaluation/r1i1p1/ALADIN63/v1/mon/tas/v20191118/tas_EUR-11_ECMWF-ERAINT_evaluation_r1i1p1_CNRM-ALADIN63_v1_mon_199101-200012.nc
CORDEX,output,EUR-11,CNRM,ECMWF-ERAINT,evaluation,r1i1p1,ALADIN63,v1,mon,v20191118,200101-201012,tas,/mnt/CORDEX_CMIP6_tmp/aux_data/cmip5-cordex/CORDEX/output/EUR-11/CNRM/ECMWF-ERAINT/evaluation/r1i1p1/ALADIN63/v1/mon/tas/v20191118/tas_EUR-11_ECMWF-ERAINT_evaluation_r1i1p1_CNRM-ALADIN63_v1_mon_200101-201012.nc
CORDEX,output,EUR-11,CNRM,ECMWF-ERAINT,evaluation,r1i1p1,ALADIN63,v1,mon,v20191118,201101-201812,tas,/mnt/CORDEX_CMIP6_tmp/aux_data/cmip5-cordex/CORDEX/output/EUR-11/CNRM/ECMWF-ERAINT/evaluation/r1i1p1/ALADIN63/v1/mon/tas/v20191118/tas_EUR-11_ECMWF-ERAINT_evaluation_r1i1p1_CNRM-ALADIN63_v1_mon_201101-201812.nc
CORDEX,output,EUR-11,CNRM,ECMWF-ERAINT,evaluation,r1i1p1,ALADIN63,v1,mon,v20191118,197901-198012,tasmax,/mnt/CORDEX_CMIP6_tmp/aux_data/cmip5-cordex/CORDEX/output/EUR-11/CNRM/ECMWF-ERAINT/evaluation/r1i1p1/ALADIN63/v1/mon/tasmax/v20191118/tasmax_EUR-11_ECMWF-ERAINT_evaluation_r1i1p1_CNRM-ALADIN63_v1_mon_197901-198012.nc
CORDEX,output,EUR-11,CNRM,ECMWF-ERAINT,evaluation,r1i1p1,ALADIN63,v1,mon,v20191118,198101-199012,tasmax,/mnt/CORDEX_CMIP6_tmp/aux_data/cmip5-cordex/CORDEX/output/EUR-11/CNRM/ECMWF-ERAINT/evaluation/r1i1p1/ALADIN63/v1/mon/tasmax/v20191118/tasmax_EUR-11_ECMWF-ERAINT_evaluation_r1i1p1_CNRM-ALADIN63_v1_mon_198101-199012.nc
CORDEX,output,EUR-11,CNRM,ECMWF-ERAINT,evaluation,r1i1p1,ALADIN63,v1,mon,v20191118,199101-200012,tasmax,/mnt/CORDEX_CMIP6_tmp/aux_data/cmip5-cordex/CORDEX/output/EUR-11/CNRM/ECMWF-ERAINT/evaluation/r1i1p1/ALADIN63/v1/mon/tasmax/v20191118/tasmax_EUR-11_ECMWF-ERAINT_evaluation_r1i1p1_CNRM-ALADIN63_v1_mon_199101-200012.nc
CORDEX,output,EUR-11,CNRM,ECMWF-ERAINT,evaluation,r1i1p1,ALADIN63,v1,mon,v20191118,200101-201012,tasmax,/mnt/CORDEX_CMIP6_tmp/aux_data/cmip5-cordex/CORDEX/output/EUR-11/CNRM/ECMWF-ERAINT/evaluation/r1i1p1/ALADIN63/v1/mon/tasmax/v20191118/tasmax_EUR-11_ECMWF-ERAINT_evaluation_r1i1p1_CNRM-ALADIN63_v1_mon_200101-201012.nc
CORDEX,output,EUR-11,CNRM,ECMWF-ERAINT,evaluation,r1i1p1,ALADIN63,v1,mon,v20191118,201101-201812,tasmax,/mnt/CORDEX_CMIP6_tmp/aux_data/cmip5-cordex/CORDEX/output/EUR-11/CNRM/ECMWF-ERAINT/evaluation/r1i1p1/ALADIN63/v1/mon/tasmax/v20191118/tasmax_EUR-11_ECMWF-ERAINT_evaluation_r1i1p1_CNRM-ALADIN63_v1_mon_201101-201812.nc
CORDEX,output,EUR-11,CNRM,ECMWF-ERAINT,evaluation,r1i1p1,ALADIN63,v1,mon,v20191118,197901-198012,tasmin,/mnt/CORDEX_CMIP6_tmp/aux_data/cmip5-cordex/CORDEX/output/EUR-11/CNRM/ECMWF-ERAINT/evaluation/r1i1p1/ALADIN63/v1/mon/tasmin/v20191118/tasmin_EUR-11_ECMWF-ERAINT_evaluation_r1i1p1_CNRM-ALADIN63_v1_mon_197901-198012.nc
CORDEX,output,EUR-11,CNRM,ECMWF-ERAINT,evaluation,r1i1p1,ALADIN63,v1,mon,v20191118,198101-199012,tasmin,/mnt/CORDEX_CMIP6_tmp/aux_data/cmip5-cordex/CORDEX/output/EUR-11/CNRM/ECMWF-ERAINT/evaluation/r1i1p1/ALADIN63/v1/mon/tasmin/v20191118/tasmin_EUR-11_ECMWF-ERAINT_evaluation_r1i1p1_CNRM-ALADIN63_v1_mon_198101-199012.nc
CORDEX,output,EUR-11,CNRM,ECMWF-ERAINT,evaluation,r1i1p1,ALADIN63,v1,mon,v20191118,199101-200012,tasmin,/mnt/CORDEX_CMIP6_tmp/aux_data/cmip5-cordex/CORDEX/output/EUR-11/CNRM/ECMWF-ERAINT/evaluation/r1i1p1/ALADIN63/v1/mon/tasmin/v20191118/tasmin_EUR-11_ECMWF-ERAINT_evaluation_r1i1p1_CNRM-ALADIN63_v1_mon_199101-200012.nc
CORDEX,output,EUR-11,CNRM,ECMWF-ERAINT,evaluation,r1i1p1,ALADIN63,v1,mon,v20191118,200101-201012,tasmin,/mnt/CORDEX_CMIP6_tmp/aux_data/cmip5-cordex/CORDEX/output/EUR-11/CNRM/ECMWF-ERAINT/evaluation/r1i1p1/ALADIN63/v1/mon/tasmin/v20191118/tasmin_EUR-11_ECMWF-ERAINT_evaluation_r1i1p1_CNRM-ALADIN63_v1_mon_200101-201012.nc
CORDEX,output,EUR-11,CNRM,ECMWF-ERAINT,evaluation,r1i1p1,ALADIN63,v1,mon,v20191118,201101-201812,tasmin,/mnt/CORDEX_CMIP6_tmp/aux_data/cmip5-cordex/CORDEX/output/EUR-11/CNRM/ECMWF-ERAINT/evaluation/r1i1p1/ALADIN63/v1/mon/tasmin/v20191118/tasmin_EUR-11_ECMWF-ERAINT_evaluation_r1i1p1_CNRM-ALADIN63_v1_mon_201101-201812.nc
CORDEX,output,EUR-11,SMHI,ECMWF-ERAINT,evaluation,r0i0p0,RCA4,v1,fx,v20131026,,orog,/mnt/CORDEX_CMIP6_tmp/aux_data/cmip5-cordex/CORDEX/output/EUR-11/SMHI/ECMWF-ERAINT/evaluation/r0i0p0/RCA4/v1/fx/orog/v20131026/orog_EUR-11_ECMWF-ERAINT_evaluation_r0i0p0_SMHI-RCA4_v1_fx.nc
CORDEX,output,EUR-11,SMHI,ECMWF-ERAINT,evaluation,r0i0p0,RCA4,v1,fx,v20131026,,sftlf,/mnt/CORDEX_CMIP6_tmp/aux_data/cmip5-cordex/CORDEX/output/EUR-11/SMHI/ECMWF-ERAINT/evaluation/r0i0p0/RCA4/v1/fx/sftlf/v20131026/sftlf_EUR-11_ECMWF-ERAINT_evaluation_r0i0p0_SMHI-RCA4_v1_fx.nc
CORDEX,output,EUR-11,SMHI,ECMWF-ERAINT,evaluation,r1i1p1,RCA4,v1,mon,v20131026,198001-198012,pr,/mnt/CORDEX_CMIP6_tmp/aux_data/cmip5-cordex/CORDEX/output/EUR-11/SMHI/ECMWF-ERAINT/evaluation/r1i1p1/RCA4/v1/mon/pr/v20131026/pr_EUR-11_ECMWF-ERAINT_evaluation_r1i1p1_SMHI-RCA4_v1_mon_198001-198012.nc
CORDEX,output,EUR-11,SMHI,ECMWF-ERAINT,evaluation,r1i1p1,RCA4,v1,mon,v20131026,198101-199012,pr,/mnt/CORDEX_CMIP6_tmp/aux_data/cmip5-cordex/CORDEX/output/EUR-11/SMHI/ECMWF-ERAINT/evaluation/r1i1p1/RCA4/v1/mon/pr/v20131026/pr_EUR-11_ECMWF-ERAINT_evaluation_r1i1p1_SMHI-RCA4_v1_mon_198101-199012.nc
CORDEX,output,EUR-11,SMHI,ECMWF-ERAINT,evaluation,r1i1p1,RCA4,v1,mon,v20131026,199101-200012,pr,/mnt/CORDEX_CMIP6_tmp/aux_data/cmip5-cordex/CORDEX/output/EUR-11/SMHI/ECMWF-ERAINT/evaluation/r1i1p1/RCA4/v1/mon/pr/v20131026/pr_EUR-11_ECMWF-ERAINT_evaluation_r1i1p1_SMHI-RCA4_v1_mon_199101-200012.nc
CORDEX,output,EUR-11,SMHI,ECMWF-ERAINT,evaluation,r1i1p1,RCA4,v1,mon,v20131026,200101-201012,pr,/mnt/CORDEX_CMIP6_tmp/aux_data/cmip5-cordex/CORDEX/output/EUR-11/SMHI/ECMWF-ERAINT/evaluation/r1i1p1/RCA4/v1/mon/pr/v20131026/pr_EUR-11_ECMWF-ERAINT_evaluation_r1i1p1_SMHI-RCA4_v1_mon_200101-201012.nc
CORDEX,output,EUR-11,SMHI,ECMWF-ERAINT,evaluation,r1i1p1,RCA4,v1,mon,v20131026,198001-198012,psl,/mnt/CORDEX_CMIP6_tmp/aux_data/cmip5-cordex/CORDEX/output/EUR-11/SMHI/ECMWF-ERAINT/evaluation/r1i1p1/RCA4/v1/mon/psl/v20131026/psl_EUR-11_ECMWF-ERAINT_evaluation_r1i1p1_SMHI-RCA4_v1_mon_198001-198012.nc
CORDEX,output,EUR-11,SMHI,ECMWF-ERAINT,evaluation,r1i1p1,RCA4,v1,mon,v20131026,198101-199012,psl,/mnt/CORDEX_CMIP6_tmp/aux_data/cmip5-cordex/CORDEX/output/EUR-11/SMHI/ECMWF-ERAINT/evaluation/r1i1p1/RCA4/v1/mon/psl/v20131026/psl_EUR-11_ECMWF-ERAINT_evaluation_r1i1p1_SMHI-RCA4_v1_mon_198101-199012.nc
CORDEX,output,EUR-11,SMHI,ECMWF-ERAINT,evaluation,r1i1p1,RCA4,v1,mon,v20131026,199101-200012,psl,/mnt/CORDEX_CMIP6_tmp/aux_data/cmip5-cordex/CORDEX/output/EUR-11/SMHI/ECMWF-ERAINT/evaluation/r1i1p1/RCA4/v1/mon/psl/v20131026/psl_EUR-11_ECMWF-ERAINT_evaluation_r1i1p1_SMHI-RCA4_v1_mon_199101-200012.nc
CORDEX,output,EUR-11,SMHI,ECMWF-ERAINT,evaluation,r1i1p1,RCA4,v1,mon,v20131026,200101-201012,psl,/mnt/CORDEX_CMIP6_tmp/aux_data/cmip5-cordex/CORDEX/output/EUR-11/SMHI/ECMWF-ERAINT/evaluation/r1i1p1/RCA4/v1/mon/psl/v20131026/psl_EUR-11_ECMWF-ERAINT_evaluation_r1i1p1_SMHI-RCA4_v1_mon_200101-201012.nc
CORDEX,output,EUR-11,SMHI,ECMWF-ERAINT,evaluation,r1i1p1,RCA4,v1,mon,v20131026,198001-198012,tas,/mnt/CORDEX_CMIP6_tmp/aux_data/cmip5-cordex/CORDEX/output/EUR-11/SMHI/ECMWF-ERAINT/evaluation/r1i1p1/RCA4/v1/mon/tas/v20131026/tas_EUR-11_ECMWF-ERAINT_evaluation_r1i1p1_SMHI-RCA4_v1_mon_198001-198012.nc
CORDEX,output,EUR-11,SMHI,ECMWF-ERAINT,evaluation,r1i1p1,RCA4,v1,mon,v20131026,198101-199012,tas,/mnt/CORDEX_CMIP6_tmp/aux_data/cmip5-cordex/CORDEX/output/EUR-11/SMHI/ECMWF-ERAINT/evaluation/r1i1p1/RCA4/v1/mon/tas/v20131026/tas_EUR-11_ECMWF-ERAINT_evaluation_r1i1p1_SMHI-RCA4_v1_mon_198101-199012.nc
CORDEX,output,EUR-11,SMHI,ECMWF-ERAINT,evaluation,r1i1p1,RCA4,v1,mon,v20131026,199101-200012,tas,/mnt/CORDEX_CMIP6_tmp/aux_data/cmip5-cordex/CORDEX/output/EUR-11/SMHI/ECMWF-ERAINT/evaluation/r1i1p1/RCA4/v1/mon/tas/v20131026/tas_EUR-11_ECMWF-ERAINT_evaluation_r1i1p1_SMHI-RCA4_v1_mon_199101-200012.nc
CORDEX,output,EUR-11,SMHI,ECMWF-ERAINT,evaluation,r1i1p1,RCA4,v1,mon,v20131026,200101-201012,tas,/mnt/CORDEX_CMIP6_tmp/aux_data/cmip5-cordex/CORDEX/output/EUR-11/SMHI/ECMWF-ERAINT/evaluation/r1i1p1/RCA4/v1/mon/tas/v20131026/tas_EUR-11_ECMWF-ERAINT_evaluation_r1i1p1_SMHI-RCA4_v1_mon_200101-201012.nc
CORDEX,output,EUR-11,SMHI,ECMWF-ERAINT,evaluation,r1i1p1,RCA4,v1,mon,v20131026,198001-198012,tasmax,/mnt/CORDEX_CMIP6_tmp/aux_data/cmip5-cordex/CORDEX/output/EUR-11/SMHI/ECMWF-ERAINT/evaluation/r1i1p1/RCA4/v1/mon/tasmax/v20131026/tasmax_EUR-11_ECMWF-ERAINT_evaluation_r1i1p1_SMHI-RCA4_v1_mon_198001-198012.nc
CORDEX,output,EUR-11,SMHI,ECMWF-ERAINT,evaluation,r1i1p1,RCA4,v1,mon,v20131026,198101-199012,tasmax,/mnt/CORDEX_CMIP6_tmp/aux_data/cmip5-cordex/CORDEX/output/EUR-11/SMHI/ECMWF-ERAINT/evaluation/r1i1p1/RCA4/v1/mon/tasmax/v20131026/tasmax_EUR-11_ECMWF-ERAINT_evaluation_r1i1p1_SMHI-RCA4_v1_mon_198101-199012.nc
CORDEX,output,EUR-11,SMHI,ECMWF-ERAINT,evaluation,r1i1p1,RCA4,v1,mon,v20131026,199101-200012,tasmax,/mnt/CORDEX_CMIP6_tmp/aux_data/cmip5-cordex/CORDEX/output/EUR-11/SMHI/ECMWF-ERAINT/evaluation/r1i1p1/RCA4/v1/mon/tasmax/v20131026/tasmax_EUR-11_ECMWF-ERAINT_evaluation_r1i1p1_SMHI-RCA4_v1_mon_199101-200012.nc
CORDEX,output,EUR-11,SMHI,ECMWF-ERAINT,evaluation,r1i1p1,RCA4,v1,mon,v20131026,200101-201012,tasmax,/mnt/CORDEX_CMIP6_tmp/aux_data/cmip5-cordex/CORDEX/output/EUR-11/SMHI/ECMWF-ERAINT/evaluation/r1i1p1/RCA4/v1/mon/tasmax/v20131026/tasmax_EUR-11_ECMWF-ERAINT_evaluation_r1i1p1_SMHI-RCA4_v1_mon_200101-201012.nc
CORDEX,output,EUR-11,SMHI,ECMWF-ERAINT,evaluation,r1i1p1,RCA4,v1,mon,v20131026,198001-198012,tasmin,/mnt/CORDEX_CMIP6_tmp/aux_data/cmip5-cordex/CORDEX/output/EUR-11/SMHI/ECMWF-ERAINT/evaluation/r1i1p1/RCA4/v1/mon/tasmin/v20131026/tasmin_EUR-11_ECMWF-ERAINT_evaluation_r1i1p1_SMHI-RCA4_v1_mon_198001-198012.nc
CORDEX,output,EUR-11,SMHI,ECMWF-ERAINT,evaluation,r1i1p1,RCA4,v1,mon,v20131026,198101-199012,tasmin,/mnt/CORDEX_CMIP6_tmp/aux_data/cmip5-cordex/CORDEX/output/EUR-11/SMHI/ECMWF-ERAINT/evaluation/r1i1p1/RCA4/v1/mon/tasmin/v20131026/tasmin_EUR-11_ECMWF-ERAINT_evaluation_r1i1p1_SMHI-RCA4_v1_mon_198101-199012.nc
CORDEX,output,EUR-11,SMHI,ECMWF-ERAINT,evaluation,r1i1p1,RCA4,v1,mon,v20131026,199101-200012,tasmin,/mnt/CORDEX_CMIP6_tmp/aux_data/cmip5-cordex/CORDEX/output/EUR-11/SMHI/ECMWF-ERAINT/evaluation/r1i1p1/RCA4/v1/mon/tasmin/v20131026/tasmin_EUR-11_ECMWF-ERAINT_evaluation_r1i1p1_SMHI-RCA4_v1_mon_199101-200012.nc
CORDEX,output,EUR-11,SMHI,ECMWF-ERAINT,evaluation,r1i1p1,RCA4,v1,mon,v20131026,200101-201012,tasmin,/mnt/CORDEX_CMIP6_tmp/aux_data/cmip5-cordex/CORDEX/output/EUR-11/SMHI/ECMWF-ERAINT/evaluation/r1i1p1/RCA4/v1/mon/tasmin/v20131026/tasmin_EUR-11_ECMWF-ERAINT_evaluation_r1i1p1_SMHI-RCA4_v1_mon_200101-201012.nc
CORDEX,output,EUR-11,ICTP,ECMWF-ERAINT,evaluation,r1i1p1,RegCM4-6,v1,fx,v20190502,,orog,/mnt/CORDEX_CMIP6_tmp/aux_data/cmip5-cordex/CORDEX/output/EUR-11/ICTP/ECMWF-ERAINT/evaluation/r1i1p1/RegCM4-6/v1/fx/orog/v20190502/orog_EUR-11_ECMWF-ERAINT_evaluation_r1i1p1_ICTP-RegCM4-6_v1_fx.nc
CORDEX,output,EUR-11,ICTP,ECMWF-ERAINT,evaluation,r1i1p1,RegCM4-6,v1,fx,v20190502,,sftlf,/mnt/CORDEX_CMIP6_tmp/aux_data/cmip5-cordex/CORDEX/output/EUR-11/ICTP/ECMWF-ERAINT/evaluation/r1i1p1/RegCM4-6/v1/fx/sftlf/v20190502/sftlf_EUR-11_ECMWF-ERAINT_evaluation_r1i1p1_ICTP-RegCM4-6_v1_fx.nc
CORDEX,output,EUR-11,ICTP,ECMWF-ERAINT,evaluation,r1i1p1,RegCM4-6,v1,mon,v20190502,198001-199012,pr,/mnt/CORDEX_CMIP6_tmp/aux_data/cmip5-cordex/CORDEX/output/EUR-11/ICTP/ECMWF-ERAINT/evaluation/r1i1p1/RegCM4-6/v1/mon/pr/v20190502/pr_EUR-11_ECMWF-ERAINT_evaluation_r1i1p1_ICTP-RegCM4-6_v1_mon_198001-199012.nc
CORDEX,output,EUR-11,ICTP,ECMWF-ERAINT,evaluation,r1i1p1,RegCM4-6,v1,mon,v20190502,199101-200012,pr,/mnt/CORDEX_CMIP6_tmp/aux_data/cmip5-cordex/CORDEX/output/EUR-11/ICTP/ECMWF-ERAINT/evaluation/r1i1p1/RegCM4-6/v1/mon/pr/v20190502/pr_EUR-11_ECMWF-ERAINT_evaluation_r1i1p1_ICTP-RegCM4-6_v1_mon_199101-200012.nc
CORDEX,output,EUR-11,ICTP,ECMWF-ERAINT,evaluation,r1i1p1,RegCM4-6,v1,mon,v20190502,197901-198012,psl,/mnt/CORDEX_CMIP6_tmp/aux_data/cmip5-cordex/CORDEX/output/EUR-11/ICTP/ECMWF-ERAINT/evaluation/r1i1p1/RegCM4-6/v1/mon/psl/v20190502/psl_EUR-11_ECMWF-ERAINT_evaluation_r1i1p1_ICTP-RegCM4-6_v1_mon_197901-198012.nc
CORDEX,output,EUR-11,ICTP,ECMWF-ERAINT,evaluation,r1i1p1,RegCM4-6,v1,mon,v20190502,198101-199012,psl,/mnt/CORDEX_CMIP6_tmp/aux_data/cmip5-cordex/CORDEX/output/EUR-11/ICTP/ECMWF-ERAINT/evaluation/r1i1p1/RegCM4-6/v1/mon/psl/v20190502/psl_EUR-11_ECMWF-ERAINT_evaluation_r1i1p1_ICTP-RegCM4-6_v1_mon_198101-199012.nc
CORDEX,output,EUR-11,ICTP,ECMWF-ERAINT,evaluation,r1i1p1,RegCM4-6,v1,mon,v20190502,199101-200012,psl,/mnt/CORDEX_CMIP6_tmp/aux_data/cmip5-cordex/CORDEX/output/EUR-11/ICTP/ECMWF-ERAINT/evaluation/r1i1p1/RegCM4-6/v1/mon/psl/v20190502/psl_EUR-11_ECMWF-ERAINT_evaluation_r1i1p1_ICTP-RegCM4-6_v1_mon_199101-200012.nc
CORDEX,output,EUR-11,ICTP,ECMWF-ERAINT,evaluation,r1i1p1,RegCM4-6,v1,mon,v20190502,200101-201012,psl,/mnt/CORDEX_CMIP6_tmp/aux_data/cmip5-cordex/CORDEX/output/EUR-11/ICTP/ECMWF-ERAINT/evaluation/r1i1p1/RegCM4-6/v1/mon/psl/v20190502/psl_EUR-11_ECMWF-ERAINT_evaluation_r1i1p1_ICTP-RegCM4-6_v1_mon_200101-201012.nc
CORDEX,output,EUR-11,ICTP,ECMWF-ERAINT,evaluation,r1i1p1,RegCM4-6,v1,mon,v20190502,201101-201611,psl,/mnt/CORDEX_CMIP6_tmp/aux_data/cmip5-cordex/CORDEX/output/EUR-11/ICTP/ECMWF-ERAINT/evaluation/r1i1p1/RegCM4-6/v1/mon/psl/v20190502/psl_EUR-11_ECMWF-ERAINT_evaluation_r1i1p1_ICTP-RegCM4-6_v1_mon_201101-201611.nc
CORDEX,output,EUR-11,ICTP,ECMWF-ERAINT,evaluation,r1i1p1,RegCM4-6,v1,mon,v20190502,198001-199012,tas,/mnt/CORDEX_CMIP6_tmp/aux_data/cmip5-cordex/CORDEX/output/EUR-11/ICTP/ECMWF-ERAINT/evaluation/r1i1p1/RegCM4-6/v1/mon/tas/v20190502/tas_EUR-11_ECMWF-ERAINT_evaluation_r1i1p1_ICTP-RegCM4-6_v1_mon_198001-199012.nc
CORDEX,output,EUR-11,ICTP,ECMWF-ERAINT,evaluation,r1i1p1,RegCM4-6,v1,mon,v20190502,199101-200012,tas,/mnt/CORDEX_CMIP6_tmp/aux_data/cmip5-cordex/CORDEX/output/EUR-11/ICTP/ECMWF-ERAINT/evaluation/r1i1p1/RegCM4-6/v1/mon/tas/v20190502/tas_EUR-11_ECMWF-ERAINT_evaluation_r1i1p1_ICTP-RegCM4-6_v1_mon_199101-200012.nc
CORDEX,output,EUR-11,ICTP,ECMWF-ERAINT,evaluation,r1i1p1,RegCM4-6,v1,mon,v20190502,200101-201012,tas,/mnt/CORDEX_CMIP6_tmp/aux_data/cmip5-cordex/CORDEX/output/EUR-11/ICTP/ECMWF-ERAINT/evaluation/r1i1p1/RegCM4-6/v1/mon/tas/v20190502/tas_EUR-11_ECMWF-ERAINT_evaluation_r1i1p1_ICTP-RegCM4-6_v1_mon_200101-201012.nc
CORDEX,output,EUR-11,ICTP,ECMWF-ERAINT,evaluation,r1i1p1,RegCM4-6,v1,mon,v20190502,201101-201611,tas,/mnt/CORDEX_CMIP6_tmp/aux_data/cmip5-cordex/CORDEX/output/EUR-11/ICTP/ECMWF-ERAINT/evaluation/r1i1p1/RegCM4-6/v1/mon/tas/v20190502/tas_EUR-11_ECMWF-ERAINT_evaluation_r1i1p1_ICTP-RegCM4-6_v1_mon_201101-201611.nc
CORDEX,output,EUR-11,ICTP,ECMWF-ERAINT,evaluation,r1i1p1,RegCM4-6,v1,mon,v20190502,198001-199012,tasmax,/mnt/CORDEX_CMIP6_tmp/aux_data/cmip5-cordex/CORDEX/output/EUR-11/ICTP/ECMWF-ERAINT/evaluation/r1i1p1/RegCM4-6/v1/mon/tasmax/v20190502/tasmax_EUR-11_ECMWF-ERAINT_evaluation_r1i1p1_ICTP-RegCM4-6_v1_mon_198001-199012.nc
CORDEX,output,EUR-11,ICTP,ECMWF-ERAINT,evaluation,r1i1p1,RegCM4-6,v1,mon,v20190502,199101-200012,tasmax,/mnt/CORDEX_CMIP6_tmp/aux_data/cmip5-cordex/CORDEX/output/EUR-11/ICTP/ECMWF-ERAINT/evaluation/r1i1p1/RegCM4-6/v1/mon/tasmax/v20190502/tasmax_EUR-11_ECMWF-ERAINT_evaluation_r1i1p1_ICTP-RegCM4-6_v1_mon_199101-200012.nc
CORDEX,output,EUR-11,ICTP,ECMWF-ERAINT,evaluation,r1i1p1,RegCM4-6,v1,mon,v20190502,200101-201012,tasmax,/mnt/CORDEX_CMIP6_tmp/aux_data/cmip5-cordex/CORDEX/output/EUR-11/ICTP/ECMWF-ERAINT/evaluation/r1i1p1/RegCM4-6/v1/mon/tasmax/v20190502/tasmax_EUR-11_ECMWF-ERAINT_evaluation_r1i1p1_ICTP-RegCM4-6_v1_mon_200101-201012.nc
CORDEX,output,EUR-11,ICTP,ECMWF-ERAINT,evaluation,r1i1p1,RegCM4-6,v1,mon,v20190502,201101-201611,tasmax,/mnt/CORDEX_CMIP6_tmp/aux_data/cmip5-cordex/CORDEX/output/EUR-11/ICTP/ECMWF-ERAINT/evaluation/r1i1p1/RegCM4-6/v1/mon/tasmax/v20190502/tasmax_EUR-11_ECMWF-ERAINT_evaluation_r1i1p1_ICTP-RegCM4-6_v1_mon_201101-201611.nc
CORDEX,output,EUR-11,ICTP,ECMWF-ERAINT,evaluation,r1i1p1,RegCM4-6,v1,mon,v20190502,198001-199012,tasmin,/mnt/CORDEX_CMIP6_tmp/aux_data/cmip5-cordex/CORDEX/output/EUR-11/ICTP/ECMWF-ERAINT/evaluation/r1i1p1/RegCM4-6/v1/mon/tasmin/v20190502/tasmin_EUR-11_ECMWF-ERAINT_evaluation_r1i1p1_ICTP-RegCM4-6_v1_mon_198001-199012.nc
CORDEX,output,EUR-11,ICTP,ECMWF-ERAINT,evaluation,r1i1p1,RegCM4-6,v1,mon,v20190502,199101-200012,tasmin,/mnt/CORDEX_CMIP6_tmp/aux_data/cmip5-cordex/CORDEX/output/EUR-11/ICTP/ECMWF-ERAINT/evaluation/r1i1p1/RegCM4-6/v1/mon/tasmin/v20190502/tasmin_EUR-11_ECMWF-ERAINT_evaluation_r1i1p1_ICTP-RegCM4-6_v1_mon_199101-200012.nc
CORDEX,output,EUR-11,ICTP,ECMWF-ERAINT,evaluation,r1i1p1,RegCM4-6,v1,mon,v20190502,200101-201012,tasmin,/mnt/CORDEX_CMIP6_tmp/aux_data/cmip5-cordex/CORDEX/output/EUR-11/ICTP/ECMWF-ERAINT/evaluation/r1i1p1/RegCM4-6/v1/mon/tasmin/v20190502/tasmin_EUR-11_ECMWF-ERAINT_evaluation_r1i1p1_ICTP-RegCM4-6_v1_mon_200101-201012.nc
CORDEX,output,EUR-11,ICTP,ECMWF-ERAINT,evaluation,r1i1p1,RegCM4-6,v1,mon,v20190502,201101-201611,tasmin,/mnt/CORDEX_CMIP6_tmp/aux_data/cmip5-cordex/CORDEX/output/EUR-11/ICTP/ECMWF-ERAINT/evaluation/r1i1p1/RegCM4-6/v1/mon/tasmin/v20190502/tasmin_EUR-11_ECMWF-ERAINT_evaluation_r1i1p1_ICTP-RegCM4-6_v1_mon_201101-201611.nc
CORDEX,output,EUR-11,DMI,ECMWF-ERAINT,evaluation,r1i1p1,HIRHAM5,v1,fx,v20140620,,orog,/mnt/CORDEX_CMIP6_tmp/aux_data/cmip5-cordex/CORDEX/output/EUR-11/DMI/ECMWF-ERAINT/evaluation/r1i1p1/HIRHAM5/v1/fx/orog/v20140620/orog_EUR-11_ECMWF-ERAINT_evaluation_r1i1p1_DMI-HIRHAM5_v1_fx.nc
CORDEX,output,EUR-11,DMI,ECMWF-ERAINT,evaluation,r1i1p1,HIRHAM5,v1,fx,v20140620,,sftlf,/mnt/CORDEX_CMIP6_tmp/aux_data/cmip5-cordex/CORDEX/output/EUR-11/DMI/ECMWF-ERAINT/evaluation/r1i1p1/HIRHAM5/v1/fx/sftlf/v20140620/sftlf_EUR-11_ECMWF-ERAINT_evaluation_r1i1p1_DMI-HIRHAM5_v1_fx.nc
CORDEX,output,EUR-11,DMI,ECMWF-ERAINT,evaluation,r1i1p1,HIRHAM5,v1,mon,v20140620,198901-199012,pr,/mnt/CORDEX_CMIP6_tmp/aux_data/cmip5-cordex/CORDEX/output/EUR-11/DMI/ECMWF-ERAINT/evaluation/r1i1p1/HIRHAM5/v1/mon/pr/v20140620/pr_EUR-11_ECMWF-ERAINT_evaluation_r1i1p1_DMI-HIRHAM5_v1_mon_198901-199012.nc
CORDEX,output,EUR-11,DMI,ECMWF-ERAINT,evaluation,r1i1p1,HIRHAM5,v1,mon,v20140620,199101-200012,pr,/mnt/CORDEX_CMIP6_tmp/aux_data/cmip5-cordex/CORDEX/output/EUR-11/DMI/ECMWF-ERAINT/evaluation/r1i1p1/HIRHAM5/v1/mon/pr/v20140620/pr_EUR-11_ECMWF-ERAINT_evaluation_r1i1p1_DMI-HIRHAM5_v1_mon_199101-200012.nc
CORDEX,output,EUR-11,DMI,ECMWF-ERAINT,evaluation,r1i1p1,HIRHAM5,v1,mon,v20140620,200101-201012,pr,/mnt/CORDEX_CMIP6_tmp/aux_data/cmip5-cordex/CORDEX/output/EUR-11/DMI/ECMWF-ERAINT/evaluation/r1i1p1/HIRHAM5/v1/mon/pr/v20140620/pr_EUR-11_ECMWF-ERAINT_evaluation_r1i1p1_DMI-HIRHAM5_v1_mon_200101-201012.nc
CORDEX,output,EUR-11,DMI,ECMWF-ERAINT,evaluation,r1i1p1,HIRHAM5,v1,mon,v20140620,201101-201112,pr,/mnt/CORDEX_CMIP6_tmp/aux_data/cmip5-cordex/CORDEX/output/EUR-11/DMI/ECMWF-ERAINT/evaluation/r1i1p1/HIRHAM5/v1/mon/pr/v20140620/pr_EUR-11_ECMWF-ERAINT_evaluation_r1i1p1_DMI-HIRHAM5_v1_mon_201101-201112.nc
CORDEX,output,EUR-11,DMI,ECMWF-ERAINT,evaluation,r1i1p1,HIRHAM5,v1,mon,v20140620,198901-199012,psl,/mnt/CORDEX_CMIP6_tmp/aux_data/cmip5-cordex/CORDEX/output/EUR-11/DMI/ECMWF-ERAINT/evaluation/r1i1p1/HIRHAM5/v1/mon/psl/v20140620/psl_EUR-11_ECMWF-ERAINT_evaluation_r1i1p1_DMI-HIRHAM5_v1_mon_198901-199012.nc
CORDEX,output,EUR-11,DMI,ECMWF-ERAINT,evaluation,r1i1p1,HIRHAM5,v1,mon,v20140620,199101-200012,psl,/mnt/CORDEX_CMIP6_tmp/aux_data/cmip5-cordex/CORDEX/output/EUR-11/DMI/ECMWF-ERAINT/evaluation/r1i1p1/HIRHAM5/v1/mon/psl/v20140620/psl_EUR-11_ECMWF-ERAINT_evaluation_r1i1p1_DMI-HIRHAM5_v1_mon_199101-200012.nc
CORDEX,output,EUR-11,DMI,ECMWF-ERAINT,evaluation,r1i1p1,HIRHAM5,v1,mon,v20140620,200101-201012,psl,/mnt/CORDEX_CMIP6_tmp/aux_data/cmip5-cordex/CORDEX/output/EUR-11/DMI/ECMWF-ERAINT/evaluation/r1i1p1/HIRHAM5/v1/mon/psl/v20140620/psl_EUR-11_ECMWF-ERAINT_evaluation_r1i1p1_DMI-HIRHAM5_v1_mon_200101-201012.nc
CORDEX,output,EUR-11,DMI,ECMWF-ERAINT,evaluation,r1i1p1,HIRHAM5,v1,mon,v20140620,201101-201112,psl,/mnt/CORDEX_CMIP6_tmp/aux_data/cmip5-cordex/CORDEX/output/EUR-11/DMI/ECMWF-ERAINT/evaluation/r1i1p1/HIRHAM5/v1/mon/psl/v20140620/psl_EUR-11_ECMWF-ERAINT_evaluation_r1i1p1_DMI-HIRHAM5_v1_mon_201101-201112.nc
CORDEX,output,EUR-11,DMI,ECMWF-ERAINT,evaluation,r1i1p1,HIRHAM5,v1,mon,v20140620,198901-199012,tas,/mnt/CORDEX_CMIP6_tmp/aux_data/cmip5-cordex/CORDEX/output/EUR-11/DMI/ECMWF-ERAINT/evaluation/r1i1p1/HIRHAM5/v1/mon/tas/v20140620/tas_EUR-11_ECMWF-ERAINT_evaluation_r1i1p1_DMI-HIRHAM5_v1_mon_198901-199012.nc
CORDEX,output,EUR-11,DMI,ECMWF-ERAINT,evaluation,r1i1p1,HIRHAM5,v1,mon,v20140620,199101-200012,tas,/mnt/CORDEX_CMIP6_tmp/aux_data/cmip5-cordex/CORDEX/output/EUR-11/DMI/ECMWF-ERAINT/evaluation/r1i1p1/HIRHAM5/v1/mon/tas/v20140620/tas_EUR-11_ECMWF-ERAINT_evaluation_r1i1p1_DMI-HIRHAM5_v1_mon_199101-200012.nc
CORDEX,output,EUR-11,DMI,ECMWF-ERAINT,evaluation,r1i1p1,HIRHAM5,v1,mon,v20140620,200101-201012,tas,/mnt/CORDEX_CMIP6_tmp/aux_data/cmip5-cordex/CORDEX/output/EUR-11/DMI/ECMWF-ERAINT/evaluation/r1i1p1/HIRHAM5/v1/mon/tas/v20140620/tas_EUR-11_ECMWF-ERAINT_evaluation_r1i1p1_DMI-HIRHAM5_v1_mon_200101-201012.nc
CORDEX,output,EUR-11,DMI,ECMWF-ERAINT,evaluation,r1i1p1,HIRHAM5,v1,mon,v20140620,201101-201112,tas,/mnt/CORDEX_CMIP6_tmp/aux_data/cmip5-cordex/CORDEX/output/EUR-11/DMI/ECMWF-ERAINT/evaluation/r1i1p1/HIRHAM5/v1/mon/tas/v20140620/tas_EUR-11_ECMWF-ERAINT_evaluation_r1i1p1_DMI-HIRHAM5_v1_mon_201101-201112.nc
CORDEX,output,EUR-11,DMI,ECMWF-ERAINT,evaluation,r1i1p1,HIRHAM5,v1,mon,v20140620,198901-199012,tasmax,/mnt/CORDEX_CMIP6_tmp/aux_data/cmip5-cordex/CORDEX/output/EUR-11/DMI/ECMWF-ERAINT/evaluation/r1i1p1/HIRHAM5/v1/mon/tasmax/v20140620/tasmax_EUR-11_ECMWF-ERAINT_evaluation_r1i1p1_DMI-HIRHAM5_v1_mon_198901-199012.nc
CORDEX,output,EUR-11,DMI,ECMWF-ERAINT,evaluation,r1i1p1,HIRHAM5,v1,mon,v20140620,199101-200012,tasmax,/mnt/CORDEX_CMIP6_tmp/aux_data/cmip5-cordex/CORDEX/output/EUR-11/DMI/ECMWF-ERAINT/evaluation/r1i1p1/HIRHAM5/v1/mon/tasmax/v20140620/tasmax_EUR-11_ECMWF-ERAINT_evaluation_r1i1p1_DMI-HIRHAM5_v1_mon_199101-200012.nc
CORDEX,output,EUR-11,DMI,ECMWF-ERAINT,evaluation,r1i1p1,HIRHAM5,v1,mon,v20140620,200101-201012,tasmax,/mnt/CORDEX_CMIP6_tmp/aux_data/cmip5-cordex/CORDEX/output/EUR-11/DMI/ECMWF-ERAINT/evaluation/r1i1p1/HIRHAM5/v1/mon/tasmax/v20140620/tasmax_EUR-11_ECMWF-ERAINT_evaluation_r1i1p1_DMI-HIRHAM5_v1_mon_200101-201012.nc
CORDEX,output,EUR-11,DMI,ECMWF-ERAINT,evaluation,r1i1p1,HIRHAM5,v1,mon,v20140620,201101-201112,tasmax,/mnt/CORDEX_CMIP6_tmp/aux_data/cmip5-cordex/CORDEX/output/EUR-11/DMI/ECMWF-ERAINT/evaluation/r1i1p1/HIRHAM5/v1/mon/tasmax/v20140620/tasmax_EUR-11_ECMWF-ERAINT_evaluation_r1i1p1_DMI-HIRHAM5_v1_mon_201101-201112.nc
CORDEX,output,EUR-11,DMI,ECMWF-ERAINT,evaluation,r1i1p1,HIRHAM5,v1,mon,v20140620,198901-199012,tasmin,/mnt/CORDEX_CMIP6_tmp/aux_data/cmip5-cordex/CORDEX/output/EUR-11/DMI/ECMWF-ERAINT/evaluation/r1i1p1/HIRHAM5/v1/mon/tasmin/v20140620/tasmin_EUR-11_ECMWF-ERAINT_evaluation_r1i1p1_DMI-HIRHAM5_v1_mon_198901-199012.nc
CORDEX,output,EUR-11,DMI,ECMWF-ERAINT,evaluation,r1i1p1,HIRHAM5,v1,mon,v20140620,199101-200012,tasmin,/mnt/CORDEX_CMIP6_tmp/aux_data/cmip5-cordex/CORDEX/output/EUR-11/DMI/ECMWF-ERAINT/evaluation/r1i1p1/HIRHAM5/v1/mon/tasmin/v20140620/tasmin_EUR-11_ECMWF-ERAINT_evaluation_r1i1p1_DMI-HIRHAM5_v1_mon_199101-200012.nc
CORDEX,output,EUR-11,DMI,ECMWF-ERAINT,evaluation,r1i1p1,HIRHAM5,v1,mon,v20140620,200101-201012,tasmin,/mnt/CORDEX_CMIP6_tmp/aux_data/cmip5-cordex/CORDEX/output/EUR-11/DMI/ECMWF-ERAINT/evaluation/r1i1p1/HIRHAM5/v1/mon/tasmin/v20140620/tasmin_EUR-11_ECMWF-ERAINT_evaluation_r1i1p1_DMI-HIRHAM5_v1_mon_200101-201012.nc
CORDEX,output,EUR-11,DMI,ECMWF-ERAINT,evaluation,r1i1p1,HIRHAM5,v1,mon,v20140620,201101-201112,tasmin,/mnt/CORDEX_CMIP6_tmp/aux_data/cmip5-cordex/CORDEX/output/EUR-11/DMI/ECMWF-ERAINT/evaluation/r1i1p1/HIRHAM5/v1/mon/tasmin/v20140620/tasmin_EUR-11_ECMWF-ERAINT_evaluation_r1i1p1_DMI-HIRHAM5_v1_mon_201101-201112.nc
CORDEX,output,EUR-11,DHMZ,ECMWF-ERAINT,evaluation,r1i1p1,RegCM4-2,v1,fx,v20160112,,orog,/mnt/CORDEX_CMIP6_tmp/aux_data/cmip5-cordex/CORDEX/output/EUR-11/DHMZ/ECMWF-ERAINT/evaluation/r1i1p1/RegCM4-2/v1/fx/orog/v20160112/orog_EUR-11_ECMWF-ERAINT_evaluation_r1i1p1_DHMZ-RegCM4-2_v1_fx.nc
CORDEX,output,EUR-11,DHMZ,ECMWF-ERAINT,evaluation,r1i1p1,RegCM4-2,v1,fx,v20160112,,sftlf,/mnt/CORDEX_CMIP6_tmp/aux_data/cmip5-cordex/CORDEX/output/EUR-11/DHMZ/ECMWF-ERAINT/evaluation/r1i1p1/RegCM4-2/v1/fx/sftlf/v20160112/sftlf_EUR-11_ECMWF-ERAINT_evaluation_r1i1p1_DHMZ-RegCM4-2_v1_fx.nc
CORDEX,output,EUR-11,DHMZ,ECMWF-ERAINT,evaluation,r1i1p1,RegCM4-2,v1,mon,v20150527,198901-199012,pr,/mnt/CORDEX_CMIP6_tmp/aux_data/cmip5-cordex/CORDEX/output/EUR-11/DHMZ/ECMWF-ERAINT/evaluation/r1i1p1/RegCM4-2/v1/mon/pr/v20150527/pr_EUR-11_ECMWF-ERAINT_evaluation_r1i1p1_DHMZ-RegCM4-2_v1_mon_198901-199012.nc
CORDEX,output,EUR-11,DHMZ,ECMWF-ERAINT,evaluation,r1i1p1,RegCM4-2,v1,mon,v20150527,199101-200012,pr,/mnt/CORDEX_CMIP6_tmp/aux_data/cmip5-cordex/CORDEX/output/EUR-11/DHMZ/ECMWF-ERAINT/evaluation/r1i1p1/RegCM4-2/v1/mon/pr/v20150527/pr_EUR-11_ECMWF-ERAINT_evaluation_r1i1p1_DHMZ-RegCM4-2_v1_mon_199101-200012.nc
CORDEX,output,EUR-11,DHMZ,ECMWF-ERAINT,evaluation,r1i1p1,RegCM4-2,v1,mon,v20150527,200101-200812,pr,/mnt/CORDEX_CMIP6_tmp/aux_data/cmip5-cordex/CORDEX/output/EUR-11/DHMZ/ECMWF-ERAINT/evaluation/r1i1p1/RegCM4-2/v1/mon/pr/v20150527/pr_EUR-11_ECMWF-ERAINT_evaluation_r1i1p1_DHMZ-RegCM4-2_v1_mon_200101-200812.nc
CORDEX,output,EUR-11,DHMZ,ECMWF-ERAINT,evaluation,r1i1p1,RegCM4-2,v1,mon,v20150527,198901-199012,tas,/mnt/CORDEX_CMIP6_tmp/aux_data/cmip5-cordex/CORDEX/output/EUR-11/DHMZ/ECMWF-ERAINT/evaluation/r1i1p1/RegCM4-2/v1/mon/tas/v20150527/tas_EUR-11_ECMWF-ERAINT_evaluation_r1i1p1_DHMZ-RegCM4-2_v1_mon_198901-199012.nc
CORDEX,output,EUR-11,DHMZ,ECMWF-ERAINT,evaluation,r1i1p1,RegCM4-2,v1,mon,v20150527,199101-200012,tas,/mnt/CORDEX_CMIP6_tmp/aux_data/cmip5-cordex/CORDEX/output/EUR-11/DHMZ/ECMWF-ERAINT/evaluation/r1i1p1/RegCM4-2/v1/mon/tas/v20150527/tas_EUR-11_ECMWF-ERAINT_evaluation_r1i1p1_DHMZ-RegCM4-2_v1_mon_199101-200012.nc
CORDEX,output,EUR-11,DHMZ,ECMWF-ERAINT,evaluation,r1i1p1,RegCM4-2,v1,mon,v20150527,200101-200812,tas,/mnt/CORDEX_CMIP6_tmp/aux_data/cmip5-cordex/CORDEX/output/EUR-11/DHMZ/ECMWF-ERAINT/evaluation/r1i1p1/RegCM4-2/v1/mon/tas/v20150527/tas_EUR-11_ECMWF-ERAINT_evaluation_r1i1p1_DHMZ-RegCM4-2_v1_mon_200101-200812.nc
CORDEX,output,EUR-11,DHMZ,ECMWF-ERAINT,evaluation,r1i1p1,RegCM4-2,v1,mon,v20150527,198901-199012,tasmax,/mnt/CORDEX_CMIP6_tmp/aux_data/cmip5-cordex/CORDEX/output/EUR-11/DHMZ/ECMWF-ERAINT/evaluation/r1i1p1/RegCM4-2/v1/mon/tasmax/v20150527/tasmax_EUR-11_ECMWF-ERAINT_evaluation_r1i1p1_DHMZ-RegCM4-2_v1_mon_198901-199012.nc
CORDEX,output,EUR-11,DHMZ,ECMWF-ERAINT,evaluation,r1i1p1,RegCM4-2,v1,mon,v20150527,199101-200012,tasmax,/mnt/CORDEX_CMIP6_tmp/aux_data/cmip5-cordex/CORDEX/output/EUR-11/DHMZ/ECMWF-ERAINT/evaluation/r1i1p1/RegCM4-2/v1/mon/tasmax/v20150527/tasmax_EUR-11_ECMWF-ERAINT_evaluation_r1i1p1_DHMZ-RegCM4-2_v1_mon_199101-200012.nc
CORDEX,output,EUR-11,DHMZ,ECMWF-ERAINT,evaluation,r1i1p1,RegCM4-2,v1,mon,v20150527,200101-200812,tasmax,/mnt/CORDEX_CMIP6_tmp/aux_data/cmip5-cordex/CORDEX/output/EUR-11/DHMZ/ECMWF-ERAINT/evaluation/r1i1p1/RegCM4-2/v1/mon/tasmax/v20150527/tasmax_EUR-11_ECMWF-ERAINT_evaluation_r1i1p1_DHMZ-RegCM4-2_v1_mon_200101-200812.nc
CORDEX,output,EUR-11,DHMZ,ECMWF-ERAINT,evaluation,r1i1p1,RegCM4-2,v1,mon,v20150527,198901-199012,tasmin,/mnt/CORDEX_CMIP6_tmp/aux_data/cmip5-cordex/CORDEX/output/EUR-11/DHMZ/ECMWF-ERAINT/evaluation/r1i1p1/RegCM4-2/v1/mon/tasmin/v20150527/tasmin_EUR-11_ECMWF-ERAINT_evaluation_r1i1p1_DHMZ-RegCM4-2_v1_mon_198901-199012.nc
CORDEX,output,EUR-11,DHMZ,ECMWF-ERAINT,evaluation,r1i1p1,RegCM4-2,v1,mon,v20150527,199101-200012,tasmin,/mnt/CORDEX_CMIP6_tmp/aux_data/cmip5-cordex/CORDEX/output/EUR-11/DHMZ/ECMWF-ERAINT/evaluation/r1i1p1/RegCM4-2/v1/mon/tasmin/v20150527/tasmin_EUR-11_ECMWF-ERAINT_evaluation_r1i1p1_DHMZ-RegCM4-2_v1_mon_199101-200012.nc
CORDEX,output,EUR-11,DHMZ,ECMWF-ERAINT,evaluation,r1i1p1,RegCM4-2,v1,mon,v20150527,200101-200812,tasmin,/mnt/CORDEX_CMIP6_tmp/aux_data/cmip5-cordex/CORDEX/output/EUR-11/DHMZ/ECMWF-ERAINT/evaluation/r1i1p1/RegCM4-2/v1/mon/tasmin/v20150527/tasmin_EUR-11_ECMWF-ERAINT_evaluation_r1i1p1_DHMZ-RegCM4-2_v1_mon_200101-200812.nc
CORDEX,output,EUR-11,CLMcom,ECMWF-ERAINT,evaluation,r0i0p0,CCLM4-8-17,v1,fx,v20140515,,orog,/mnt/CORDEX_CMIP6_tmp/aux_data/cmip5-cordex/CORDEX/output/EUR-11/CLMcom/ECMWF-ERAINT/evaluation/r0i0p0/CCLM4-8-17/v1/fx/orog/v20140515/orog_EUR-11_ECMWF-ERAINT_evaluation_r0i0p0_CLMcom-CCLM4-8-17_v1_fx.nc
CORDEX,output,EUR-11,CLMcom,ECMWF-ERAINT,evaluation,r0i0p0,CCLM4-8-17,v1,fx,v20140515,,sftlf,/mnt/CORDEX_CMIP6_tmp/aux_data/cmip5-cordex/CORDEX/output/EUR-11/CLMcom/ECMWF-ERAINT/evaluation/r0i0p0/CCLM4-8-17/v1/fx/sftlf/v20140515/sftlf_EUR-11_ECMWF-ERAINT_evaluation_r0i0p0_CLMcom-CCLM4-8-17_v1_fx.nc
CORDEX,output,EUR-11,CLMcom,ECMWF-ERAINT,evaluation,r1i1p1,CCLM4-8-17,v1,mon,v20140515,198901-199012,pr,/mnt/CORDEX_CMIP6_tmp/aux_data/cmip5-cordex/CORDEX/output/EUR-11/CLMcom/ECMWF-ERAINT/evaluation/r1i1p1/CCLM4-8-17/v1/mon/pr/v20140515/pr_EUR-11_ECMWF-ERAINT_evaluation_r1i1p1_CLMcom-CCLM4-8-17_v1_mon_198901-199012.nc
CORDEX,output,EUR-11,CLMcom,ECMWF-ERAINT,evaluation,r1i1p1,CCLM4-8-17,v1,mon,v20140515,199101-200012,pr,/mnt/CORDEX_CMIP6_tmp/aux_data/cmip5-cordex/CORDEX/output/EUR-11/CLMcom/ECMWF-ERAINT/evaluation/r1i1p1/CCLM4-8-17/v1/mon/pr/v20140515/pr_EUR-11_ECMWF-ERAINT_evaluation_r1i1p1_CLMcom-CCLM4-8-17_v1_mon_199101-200012.nc
CORDEX,output,EUR-11,CLMcom,ECMWF-ERAINT,evaluation,r1i1p1,CCLM4-8-17,v1,mon,v20140515,200101-200812,pr,/mnt/CORDEX_CMIP6_tmp/aux_data/cmip5-cordex/CORDEX/output/EUR-11/CLMcom/ECMWF-ERAINT/evaluation/r1i1p1/CCLM4-8-17/v1/mon/pr/v20140515/pr_EUR-11_ECMWF-ERAINT_evaluation_r1i1p1_CLMcom-CCLM4-8-17_v1_mon_200101-200812.nc
CORDEX,output,EUR-11,CLMcom,ECMWF-ERAINT,evaluation,r1i1p1,CCLM4-8-17,v1,mon,v20140515,198901-199012,psl,/mnt/CORDEX_CMIP6_tmp/aux_data/cmip5-cordex/CORDEX/output/EUR-11/CLMcom/ECMWF-ERAINT/evaluation/r1i1p1/CCLM4-8-17/v1/mon/psl/v20140515/psl_EUR-11_ECMWF-ERAINT_evaluation_r1i1p1_CLMcom-CCLM4-8-17_v1_mon_198901-199012.nc
CORDEX,output,EUR-11,CLMcom,ECMWF-ERAINT,evaluation,r1i1p1,CCLM4-8-17,v1,mon,v20140515,199101-200012,psl,/mnt/CORDEX_CMIP6_tmp/aux_data/cmip5-cordex/CORDEX/output/EUR-11/CLMcom/ECMWF-ERAINT/evaluation/r1i1p1/CCLM4-8-17/v1/mon/psl/v20140515/psl_EUR-11_ECMWF-ERAINT_evaluation_r1i1p1_CLMcom-CCLM4-8-17_v1_mon_199101-200012.nc
CORDEX,output,EUR-11,CLMcom,ECMWF-ERAINT,evaluation,r1i1p1,CCLM4-8-17,v1,mon,v20140515,200101-200812,psl,/mnt/CORDEX_CMIP6_tmp/aux_data/cmip5-cordex/CORDEX/output/EUR-11/CLMcom/ECMWF-ERAINT/evaluation/r1i1p1/CCLM4-8-17/v1/mon/psl/v20140515/psl_EUR-11_ECMWF-ERAINT_evaluation_r1i1p1_CLMcom-CCLM4-8-17_v1_mon_200101-200812.nc
CORDEX,output,EUR-11,CLMcom,ECMWF-ERAINT,evaluation,r1i1p1,CCLM4-8-17,v1,mon,v20140515,198901-199012,tas,/mnt/CORDEX_CMIP6_tmp/aux_data/cmip5-cordex/CORDEX/output/EUR-11/CLMcom/ECMWF-ERAINT/evaluation/r1i1p1/CCLM4-8-17/v1/mon/tas/v20140515/tas_EUR-11_ECMWF-ERAINT_evaluation_r1i1p1_CLMcom-CCLM4-8-17_v1_mon_198901-199012.nc
CORDEX,output,EUR-11,CLMcom,ECMWF-ERAINT,evaluation,r1i1p1,CCLM4-8-17,v1,mon,v20140515,199101-200012,tas,/mnt/CORDEX_CMIP6_tmp/aux_data/cmip5-cordex/CORDEX/output/EUR-11/CLMcom/ECMWF-ERAINT/evaluation/r1i1p1/CCLM4-8-17/v1/mon/tas/v20140515/tas_EUR-11_ECMWF-ERAINT_evaluation_r1i1p1_CLMcom-CCLM4-8-17_v1_mon_199101-200012.nc
CORDEX,output,EUR-11,CLMcom,ECMWF-ERAINT,evaluation,r1i1p1,CCLM4-8-17,v1,mon,v20140515,200101-200812,tas,/mnt/CORDEX_CMIP6_tmp/aux_data/cmip5-cordex/CORDEX/output/EUR-11/CLMcom/ECMWF-ERAINT/evaluation/r1i1p1/CCLM4-8-17/v1/mon/tas/v20140515/tas_EUR-11_ECMWF-ERAINT_evaluation_r1i1p1_CLMcom-CCLM4-8-17_v1_mon_200101-200812.nc
CORDEX,output,EUR-11,CLMcom,ECMWF-ERAINT,evaluation,r1i1p1,CCLM4-8-17,v1,mon,v20140515,198901-199012,tasmax,/mnt/CORDEX_CMIP6_tmp/aux_data/cmip5-cordex/CORDEX/output/EUR-11/CLMcom/ECMWF-ERAINT/evaluation/r1i1p1/CCLM4-8-17/v1/mon/tasmax/v20140515/tasmax_EUR-11_ECMWF-ERAINT_evaluation_r1i1p1_CLMcom-CCLM4-8-17_v1_mon_198901-199012.nc
CORDEX,output,EUR-11,CLMcom,ECMWF-ERAINT,evaluation,r1i1p1,CCLM4-8-17,v1,mon,v20140515,199101-200012,tasmax,/mnt/CORDEX_CMIP6_tmp/aux_data/cmip5-cordex/CORDEX/output/EUR-11/CLMcom/ECMWF-ERAINT/evaluation/r1i1p1/CCLM4-8-17/v1/mon/tasmax/v20140515/tasmax_EUR-11_ECMWF-ERAINT_evaluation_r1i1p1_CLMcom-CCLM4-8-17_v1_mon_199101-200012.nc
CORDEX,output,EUR-11,CLMcom,ECMWF-ERAINT,evaluation,r1i1p1,CCLM4-8-17,v1,mon,v20140515,200101-200812,tasmax,/mnt/CORDEX_CMIP6_tmp/aux_data/cmip5-cordex/CORDEX/output/EUR-11/CLMcom/ECMWF-ERAINT/evaluation/r1i1p1/CCLM4-8-17/v1/mon/tasmax/v20140515/tasmax_EUR-11_ECMWF-ERAINT_evaluation_r1i1p1_CLMcom-CCLM4-8-17_v1_mon_200101-200812.nc
CORDEX,output,EUR-11,CLMcom,ECMWF-ERAINT,evaluation,r1i1p1,CCLM4-8-17,v1,mon,v20140515,198901-199012,tasmin,/mnt/CORDEX_CMIP6_tmp/aux_data/cmip5-cordex/CORDEX/output/EUR-11/CLMcom/ECMWF-ERAINT/evaluation/r1i1p1/CCLM4-8-17/v1/mon/tasmin/v20140515/tasmin_EUR-11_ECMWF-ERAINT_evaluation_r1i1p1_CLMcom-CCLM4-8-17_v1_mon_198901-199012.nc
CORDEX,output,EUR-11,CLMcom,ECMWF-ERAINT,evaluation,r1i1p1,CCLM4-8-17,v1,mon,v20140515,199101-200012,tasmin,/mnt/CORDEX_CMIP6_tmp/aux_data/cmip5-cordex/CORDEX/output/EUR-11/CLMcom/ECMWF-ERAINT/evaluation/r1i1p1/CCLM4-8-17/v1/mon/tasmin/v20140515/tasmin_EUR-11_ECMWF-ERAINT_evaluation_r1i1p1_CLMcom-CCLM4-8-17_v1_mon_199101-200012.nc
CORDEX,output,EUR-11,CLMcom,ECMWF-ERAINT,evaluation,r1i1p1,CCLM4-8-17,v1,mon,v20140515,200101-200812,tasmin,/mnt/CORDEX_CMIP6_tmp/aux_data/cmip5-cordex/CORDEX/output/EUR-11/CLMcom/ECMWF-ERAINT/evaluation/r1i1p1/CCLM4-8-17/v1/mon/tasmin/v20140515/tasmin_EUR-11_ECMWF-ERAINT_evaluation_r1i1p1_CLMcom-CCLM4-8-17_v1_mon_200101-200812.nc
CORDEX,output,EUR-11,KNMI,ECMWF-ERAINT,evaluation,r1i1p1,RACMO22E,v1,fx,v20140218,,orog,/mnt/CORDEX_CMIP6_tmp/aux_data/cmip5-cordex/CORDEX/output/EUR-11/KNMI/ECMWF-ERAINT/evaluation/r1i1p1/RACMO22E/v1/fx/orog/v20140218/orog_EUR-11_ECMWF-ERAINT_evaluation_r1i1p1_KNMI-RACMO22E_v1_fx.nc
CORDEX,output,EUR-11,KNMI,ECMWF-ERAINT,evaluation,r1i1p1,RACMO22E,v1,fx,v20140218,,sftlf,/mnt/CORDEX_CMIP6_tmp/aux_data/cmip5-cordex/CORDEX/output/EUR-11/KNMI/ECMWF-ERAINT/evaluation/r1i1p1/RACMO22E/v1/fx/sftlf/v20140218/sftlf_EUR-11_ECMWF-ERAINT_evaluation_r1i1p1_KNMI-RACMO22E_v1_fx.nc
CORDEX,output,EUR-11,KNMI,ECMWF-ERAINT,evaluation,r1i1p1,RACMO22E,v1,mon,v20140218,197901-198012,pr,/mnt/CORDEX_CMIP6_tmp/aux_data/cmip5-cordex/CORDEX/output/EUR-11/KNMI/ECMWF-ERAINT/evaluation/r1i1p1/RACMO22E/v1/mon/pr/v20140218/pr_EUR-11_ECMWF-ERAINT_evaluation_r1i1p1_KNMI-RACMO22E_v1_mon_197901-198012.nc
CORDEX,output,EUR-11,KNMI,ECMWF-ERAINT,evaluation,r1i1p1,RACMO22E,v1,mon,v20140218,198101-199012,pr,/mnt/CORDEX_CMIP6_tmp/aux_data/cmip5-cordex/CORDEX/output/EUR-11/KNMI/ECMWF-ERAINT/evaluation/r1i1p1/RACMO22E/v1/mon/pr/v20140218/pr_EUR-11_ECMWF-ERAINT_evaluation_r1i1p1_KNMI-RACMO22E_v1_mon_198101-199012.nc
CORDEX,output,EUR-11,KNMI,ECMWF-ERAINT,evaluation,r1i1p1,RACMO22E,v1,mon,v20140218,199101-200012,pr,/mnt/CORDEX_CMIP6_tmp/aux_data/cmip5-cordex/CORDEX/output/EUR-11/KNMI/ECMWF-ERAINT/evaluation/r1i1p1/RACMO22E/v1/mon/pr/v20140218/pr_EUR-11_ECMWF-ERAINT_evaluation_r1i1p1_KNMI-RACMO22E_v1_mon_199101-200012.nc
CORDEX,output,EUR-11,KNMI,ECMWF-ERAINT,evaluation,r1i1p1,RACMO22E,v1,mon,v20140218,200101-201012,pr,/mnt/CORDEX_CMIP6_tmp/aux_data/cmip5-cordex/CORDEX/output/EUR-11/KNMI/ECMWF-ERAINT/evaluation/r1i1p1/RACMO22E/v1/mon/pr/v20140218/pr_EUR-11_ECMWF-ERAINT_evaluation_r1i1p1_KNMI-RACMO22E_v1_mon_200101-201012.nc
CORDEX,output,EUR-11,KNMI,ECMWF-ERAINT,evaluation,r1i1p1,RACMO22E,v1,mon,v20140218,201101-201212,pr,/mnt/CORDEX_CMIP6_tmp/aux_data/cmip5-cordex/CORDEX/output/EUR-11/KNMI/ECMWF-ERAINT/evaluation/r1i1p1/RACMO22E/v1/mon/pr/v20140218/pr_EUR-11_ECMWF-ERAINT_evaluation_r1i1p1_KNMI-RACMO22E_v1_mon_201101-201212.nc
CORDEX,output,EUR-11,KNMI,ECMWF-ERAINT,evaluation,r1i1p1,RACMO22E,v1,mon,v20140218,197901-198012,psl,/mnt/CORDEX_CMIP6_tmp/aux_data/cmip5-cordex/CORDEX/output/EUR-11/KNMI/ECMWF-ERAINT/evaluation/r1i1p1/RACMO22E/v1/mon/psl/v20140218/psl_EUR-11_ECMWF-ERAINT_evaluation_r1i1p1_KNMI-RACMO22E_v1_mon_197901-198012.nc
CORDEX,output,EUR-11,KNMI,ECMWF-ERAINT,evaluation,r1i1p1,RACMO22E,v1,mon,v20140218,198101-199012,psl,/mnt/CORDEX_CMIP6_tmp/aux_data/cmip5-cordex/CORDEX/output/EUR-11/KNMI/ECMWF-ERAINT/evaluation/r1i1p1/RACMO22E/v1/mon/psl/v20140218/psl_EUR-11_ECMWF-ERAINT_evaluation_r1i1p1_KNMI-RACMO22E_v1_mon_198101-199012.nc
CORDEX,output,EUR-11,KNMI,ECMWF-ERAINT,evaluation,r1i1p1,RACMO22E,v1,mon,v20140218,199101-200012,psl,/mnt/CORDEX_CMIP6_tmp/aux_data/cmip5-cordex/CORDEX/output/EUR-11/KNMI/ECMWF-ERAINT/evaluation/r1i1p1/RACMO22E/v1/mon/psl/v20140218/psl_EUR-11_ECMWF-ERAINT_evaluation_r1i1p1_KNMI-RACMO22E_v1_mon_199101-200012.nc
CORDEX,output,EUR-11,KNMI,ECMWF-ERAINT,evaluation,r1i1p1,RACMO22E,v1,mon,v20140218,200101-201012,psl,/mnt/CORDEX_CMIP6_tmp/aux_data/cmip5-cordex/CORDEX/output/EUR-11/KNMI/ECMWF-ERAINT/evaluation/r1i1p1/RACMO22E/v1/mon/psl/v20140218/psl_EUR-11_ECMWF-ERAINT_evaluation_r1i1p1_KNMI-RACMO22E_v1_mon_200101-201012.nc
CORDEX,output,EUR-11,KNMI,ECMWF-ERAINT,evaluation,r1i1p1,RACMO22E,v1,mon,v20140218,201101-201212,psl,/mnt/CORDEX_CMIP6_tmp/aux_data/cmip5-cordex/CORDEX/output/EUR-11/KNMI/ECMWF-ERAINT/evaluation/r1i1p1/RACMO22E/v1/mon/psl/v20140218/psl_EUR-11_ECMWF-ERAINT_evaluation_r1i1p1_KNMI-RACMO22E_v1_mon_201101-201212.nc
CORDEX,output,EUR-11,KNMI,ECMWF-ERAINT,evaluation,r1i1p1,RACMO22E,v1,mon,v20140319,197901-198012,tas,/mnt/CORDEX_CMIP6_tmp/aux_data/cmip5-cordex/CORDEX/output/EUR-11/KNMI/ECMWF-ERAINT/evaluation/r1i1p1/RACMO22E/v1/mon/tas/v20140319/tas_EUR-11_ECMWF-ERAINT_evaluation_r1i1p1_KNMI-RACMO22E_v1_mon_197901-198012.nc
CORDEX,output,EUR-11,KNMI,ECMWF-ERAINT,evaluation,r1i1p1,RACMO22E,v1,mon,v20140319,198101-199012,tas,/mnt/CORDEX_CMIP6_tmp/aux_data/cmip5-cordex/CORDEX/output/EUR-11/KNMI/ECMWF-ERAINT/evaluation/r1i1p1/RACMO22E/v1/mon/tas/v20140319/tas_EUR-11_ECMWF-ERAINT_evaluation_r1i1p1_KNMI-RACMO22E_v1_mon_198101-199012.nc
CORDEX,output,EUR-11,KNMI,ECMWF-ERAINT,evaluation,r1i1p1,RACMO22E,v1,mon,v20140319,199101-200012,tas,/mnt/CORDEX_CMIP6_tmp/aux_data/cmip5-cordex/CORDEX/output/EUR-11/KNMI/ECMWF-ERAINT/evaluation/r1i1p1/RACMO22E/v1/mon/tas/v20140319/tas_EUR-11_ECMWF-ERAINT_evaluation_r1i1p1_KNMI-RACMO22E_v1_mon_199101-200012.nc
CORDEX,output,EUR-11,KNMI,ECMWF-ERAINT,evaluation,r1i1p1,RACMO22E,v1,mon,v20140319,200101-201012,tas,/mnt/CORDEX_CMIP6_tmp/aux_data/cmip5-cordex/CORDEX/output/EUR-11/KNMI/ECMWF-ERAINT/evaluation/r1i1p1/RACMO22E/v1/mon/tas/v20140319/tas_EUR-11_ECMWF-ERAINT_evaluation_r1i1p1_KNMI-RACMO22E_v1_mon_200101-201012.nc
CORDEX,output,EUR-11,KNMI,ECMWF-ERAINT,evaluation,r1i1p1,RACMO22E,v1,mon,v20140319,201101-201212,tas,/mnt/CORDEX_CMIP6_tmp/aux_data/cmip5-cordex/CORDEX/output/EUR-11/KNMI/ECMWF-ERAINT/evaluation/r1i1p1/RACMO22E/v1/mon/tas/v20140319/tas_EUR-11_ECMWF-ERAINT_evaluation_r1i1p1_KNMI-RACMO22E_v1_mon_201101-201212.nc
CORDEX,output,EUR-11,KNMI,ECMWF-ERAINT,evaluation,r1i1p1,RACMO22E,v1,mon,v20140319,197901-198012,tasmax,/mnt/CORDEX_CMIP6_tmp/aux_data/cmip5-cordex/CORDEX/output/EUR-11/KNMI/ECMWF-ERAINT/evaluation/r1i1p1/RACMO22E/v1/mon/tasmax/v20140319/tasmax_EUR-11_ECMWF-ERAINT_evaluation_r1i1p1_KNMI-RACMO22E_v1_mon_197901-198012.nc
CORDEX,output,EUR-11,KNMI,ECMWF-ERAINT,evaluation,r1i1p1,RACMO22E,v1,mon,v20140319,198101-199012,tasmax,/mnt/CORDEX_CMIP6_tmp/aux_data/cmip5-cordex/CORDEX/output/EUR-11/KNMI/ECMWF-ERAINT/evaluation/r1i1p1/RACMO22E/v1/mon/tasmax/v20140319/tasmax_EUR-11_ECMWF-ERAINT_evaluation_r1i1p1_KNMI-RACMO22E_v1_mon_198101-199012.nc
CORDEX,output,EUR-11,KNMI,ECMWF-ERAINT,evaluation,r1i1p1,RACMO22E,v1,mon,v20140319,199101-200012,tasmax,/mnt/CORDEX_CMIP6_tmp/aux_data/cmip5-cordex/CORDEX/output/EUR-11/KNMI/ECMWF-ERAINT/evaluation/r1i1p1/RACMO22E/v1/mon/tasmax/v20140319/tasmax_EUR-11_ECMWF-ERAINT_evaluation_r1i1p1_KNMI-RACMO22E_v1_mon_199101-200012.nc
CORDEX,output,EUR-11,KNMI,ECMWF-ERAINT,evaluation,r1i1p1,RACMO22E,v1,mon,v20140319,200101-201012,tasmax,/mnt/CORDEX_CMIP6_tmp/aux_data/cmip5-cordex/CORDEX/output/EUR-11/KNMI/ECMWF-ERAINT/evaluation/r1i1p1/RACMO22E/v1/mon/tasmax/v20140319/tasmax_EUR-11_ECMWF-ERAINT_evaluation_r1i1p1_KNMI-RACMO22E_v1_mon_200101-201012.nc
CORDEX,output,EUR-11,KNMI,ECMWF-ERAINT,evaluation,r1i1p1,RACMO22E,v1,mon,v20140319,201101-201212,tasmax,/mnt/CORDEX_CMIP6_tmp/aux_data/cmip5-cordex/CORDEX/output/EUR-11/KNMI/ECMWF-ERAINT/evaluation/r1i1p1/RACMO22E/v1/mon/tasmax/v20140319/tasmax_EUR-11_ECMWF-ERAINT_evaluation_r1i1p1_KNMI-RACMO22E_v1_mon_201101-201212.nc
CORDEX,output,EUR-11,KNMI,ECMWF-ERAINT,evaluation,r1i1p1,RACMO22E,v1,mon,v20140319,197901-198012,tasmin,/mnt/CORDEX_CMIP6_tmp/aux_data/cmip5-cordex/CORDEX/output/EUR-11/KNMI/ECMWF-ERAINT/evaluation/r1i1p1/RACMO22E/v1/mon/tasmin/v20140319/tasmin_EUR-11_ECMWF-ERAINT_evaluation_r1i1p1_KNMI-RACMO22E_v1_mon_197901-198012.nc
CORDEX,output,EUR-11,KNMI,ECMWF-ERAINT,evaluation,r1i1p1,RACMO22E,v1,mon,v20140319,198101-199012,tasmin,/mnt/CORDEX_CMIP6_tmp/aux_data/cmip5-cordex/CORDEX/output/EUR-11/KNMI/ECMWF-ERAINT/evaluation/r1i1p1/RACMO22E/v1/mon/tasmin/v20140319/tasmin_EUR-11_ECMWF-ERAINT_evaluation_r1i1p1_KNMI-RACMO22E_v1_mon_198101-199012.nc
CORDEX,output,EUR-11,KNMI,ECMWF-ERAINT,evaluation,r1i1p1,RACMO22E,v1,mon,v20140319,199101-200012,tasmin,/mnt/CORDEX_CMIP6_tmp/aux_data/cmip5-cordex/CORDEX/output/EUR-11/KNMI/ECMWF-ERAINT/evaluation/r1i1p1/RACMO22E/v1/mon/tasmin/v20140319/tasmin_EUR-11_ECMWF-ERAINT_evaluation_r1i1p1_KNMI-RACMO22E_v1_mon_199101-200012.nc
CORDEX,output,EUR-11,KNMI,ECMWF-ERAINT,evaluation,r1i1p1,RACMO22E,v1,mon,v20140319,200101-201012,tasmin,/mnt/CORDEX_CMIP6_tmp/aux_data/cmip5-cordex/CORDEX/output/EUR-11/KNMI/ECMWF-ERAINT/evaluation/r1i1p1/RACMO22E/v1/mon/tasmin/v20140319/tasmin_EUR-11_ECMWF-ERAINT_evaluation_r1i1p1_KNMI-RACMO22E_v1_mon_200101-201012.nc
CORDEX,output,EUR-11,KNMI,ECMWF-ERAINT,evaluation,r1i1p1,RACMO22E,v1,mon,v20140319,201101-201212,tasmin,/mnt/CORDEX_CMIP6_tmp/aux_data/cmip5-cordex/CORDEX/output/EUR-11/KNMI/ECMWF-ERAINT/evaluation/r1i1p1/RACMO22E/v1/mon/tasmin/v20140319/tasmin_EUR-11_ECMWF-ERAINT_evaluation_r1i1p1_KNMI-RACMO22E_v1_mon_201101-201212.nc
CORDEX,output,EUR-11,MPI-CSC,ECMWF-ERAINT,evaluation,r0i0p0,REMO2009,v1,fx,v20160525,,orog,/mnt/CORDEX_CMIP6_tmp/aux_data/cmip5-cordex/CORDEX/output/EUR-11/MPI-CSC/ECMWF-ERAINT/evaluation/r0i0p0/REMO2009/v1/fx/orog/v20160525/orog_EUR-11_ECMWF-ERAINT_evaluation_r0i0p0_MPI-CSC-REMO2009_v1_fx.nc
CORDEX,output,EUR-11,MPI-CSC,ECMWF-ERAINT,evaluation,r0i0p0,REMO2009,v1,fx,v20160525,,sftlf,/mnt/CORDEX_CMIP6_tmp/aux_data/cmip5-cordex/CORDEX/output/EUR-11/MPI-CSC/ECMWF-ERAINT/evaluation/r0i0p0/REMO2009/v1/fx/sftlf/v20160525/sftlf_EUR-11_ECMWF-ERAINT_evaluation_r0i0p0_MPI-CSC-REMO2009_v1_fx.nc
CORDEX,output,EUR-11,MPI-CSC,ECMWF-ERAINT,evaluation,r1i1p1,REMO2009,v1,mon,v20160525,198902-199012,pr,/mnt/CORDEX_CMIP6_tmp/aux_data/cmip5-cordex/CORDEX/output/EUR-11/MPI-CSC/ECMWF-ERAINT/evaluation/r1i1p1/REMO2009/v1/mon/pr/v20160525/pr_EUR-11_ECMWF-ERAINT_evaluation_r1i1p1_MPI-CSC-REMO2009_v1_mon_198902-199012.nc
CORDEX,output,EUR-11,MPI-CSC,ECMWF-ERAINT,evaluation,r1i1p1,REMO2009,v1,mon,v20160525,199101-200012,pr,/mnt/CORDEX_CMIP6_tmp/aux_data/cmip5-cordex/CORDEX/output/EUR-11/MPI-CSC/ECMWF-ERAINT/evaluation/r1i1p1/REMO2009/v1/mon/pr/v20160525/pr_EUR-11_ECMWF-ERAINT_evaluation_r1i1p1_MPI-CSC-REMO2009_v1_mon_199101-200012.nc
CORDEX,output,EUR-11,MPI-CSC,ECMWF-ERAINT,evaluation,r1i1p1,REMO2009,v1,mon,v20160525,200101-200812,pr,/mnt/CORDEX_CMIP6_tmp/aux_data/cmip5-cordex/CORDEX/output/EUR-11/MPI-CSC/ECMWF-ERAINT/evaluation/r1i1p1/REMO2009/v1/mon/pr/v20160525/pr_EUR-11_ECMWF-ERAINT_evaluation_r1i1p1_MPI-CSC-REMO2009_v1_mon_200101-200812.nc
CORDEX,output,EUR-11,MPI-CSC,ECMWF-ERAINT,evaluation,r1i1p1,REMO2009,v1,mon,v20160525,198902-199012,psl,/mnt/CORDEX_CMIP6_tmp/aux_data/cmip5-cordex/CORDEX/output/EUR-11/MPI-CSC/ECMWF-ERAINT/evaluation/r1i1p1/REMO2009/v1/mon/psl/v20160525/psl_EUR-11_ECMWF-ERAINT_evaluation_r1i1p1_MPI-CSC-REMO2009_v1_mon_198902-199012.nc
CORDEX,output,EUR-11,MPI-CSC,ECMWF-ERAINT,evaluation,r1i1p1,REMO2009,v1,mon,v20160525,199101-200012,psl,/mnt/CORDEX_CMIP6_tmp/aux_data/cmip5-cordex/CORDEX/output/EUR-11/MPI-CSC/ECMWF-ERAINT/evaluation/r1i1p1/REMO2009/v1/mon/psl/v20160525/psl_EUR-11_ECMWF-ERAINT_evaluation_r1i1p1_MPI-CSC-REMO2009_v1_mon_199101-200012.nc
CORDEX,output,EUR-11,MPI-CSC,ECMWF-ERAINT,evaluation,r1i1p1,REMO2009,v1,mon,v20160525,200101-200812,psl,/mnt/CORDEX_CMIP6_tmp/aux_data/cmip5-cordex/CORDEX/output/EUR-11/MPI-CSC/ECMWF-ERAINT/evaluation/r1i1p1/REMO2009/v1/mon/psl/v20160525/psl_EUR-11_ECMWF-ERAINT_evaluation_r1i1p1_MPI-CSC-REMO2009_v1_mon_200101-200812.nc
CORDEX,output,EUR-11,MPI-CSC,ECMWF-ERAINT,evaluation,r1i1p1,REMO2009,v1,mon,v20160525,198902-199012,tas,/mnt/CORDEX_CMIP6_tmp/aux_data/cmip5-cordex/CORDEX/output/EUR-11/MPI-CSC/ECMWF-ERAINT/evaluation/r1i1p1/REMO2009/v1/mon/tas/v20160525/tas_EUR-11_ECMWF-ERAINT_evaluation_r1i1p1_MPI-CSC-REMO2009_v1_mon_198902-199012.nc
CORDEX,output,EUR-11,MPI-CSC,ECMWF-ERAINT,evaluation,r1i1p1,REMO2009,v1,mon,v20160525,199101-200012,tas,/mnt/CORDEX_CMIP6_tmp/aux_data/cmip5-cordex/CORDEX/output/EUR-11/MPI-CSC/ECMWF-ERAINT/evaluation/r1i1p1/REMO2009/v1/mon/tas/v20160525/tas_EUR-11_ECMWF-ERAINT_evaluation_r1i1p1_MPI-CSC-REMO2009_v1_mon_199101-200012.nc
CORDEX,output,EUR-11,MPI-CSC,ECMWF-ERAINT,evaluation,r1i1p1,REMO2009,v1,mon,v20160525,200101-200812,tas,/mnt/CORDEX_CMIP6_tmp/aux_data/cmip5-cordex/CORDEX/output/EUR-11/MPI-CSC/ECMWF-ERAINT/evaluation/r1i1p1/REMO2009/v1/mon/tas/v20160525/tas_EUR-11_ECMWF-ERAINT_evaluation_r1i1p1_MPI-CSC-REMO2009_v1_mon_200101-200812.nc
CORDEX,output,EUR-11,MPI-CSC,ECMWF-ERAINT,evaluation,r1i1p1,REMO2009,v1,mon,v20160525,198902-199012,tasmax,/mnt/CORDEX_CMIP6_tmp/aux_data/cmip5-cordex/CORDEX/output/EUR-11/MPI-CSC/ECMWF-ERAINT/evaluation/r1i1p1/REMO2009/v1/mon/tasmax/v20160525/tasmax_EUR-11_ECMWF-ERAINT_evaluation_r1i1p1_MPI-CSC-REMO2009_v1_mon_198902-199012.nc
CORDEX,output,EUR-11,MPI-CSC,ECMWF-ERAINT,evaluation,r1i1p1,REMO2009,v1,mon,v20160525,199101-200012,tasmax,/mnt/CORDEX_CMIP6_tmp/aux_data/cmip5-cordex/CORDEX/output/EUR-11/MPI-CSC/ECMWF-ERAINT/evaluation/r1i1p1/REMO2009/v1/mon/tasmax/v20160525/tasmax_EUR-11_ECMWF-ERAINT_evaluation_r1i1p1_MPI-CSC-REMO2009_v1_mon_199101-200012.nc
CORDEX,output,EUR-11,MPI-CSC,ECMWF-ERAINT,evaluation,r1i1p1,REMO2009,v1,mon,v20160525,200101-200812,tasmax,/mnt/CORDEX_CMIP6_tmp/aux_data/cmip5-cordex/CORDEX/output/EUR-11/MPI-CSC/ECMWF-ERAINT/evaluation/r1i1p1/REMO2009/v1/mon/tasmax/v20160525/tasmax_EUR-11_ECMWF-ERAINT_evaluation_r1i1p1_MPI-CSC-REMO2009_v1_mon_200101-200812.nc
CORDEX,output,EUR-11,MPI-CSC,ECMWF-ERAINT,evaluation,r1i1p1,REMO2009,v1,mon,v20160525,198902-199012,tasmin,/mnt/CORDEX_CMIP6_tmp/aux_data/cmip5-cordex/CORDEX/output/EUR-11/MPI-CSC/ECMWF-ERAINT/evaluation/r1i1p1/REMO2009/v1/mon/tasmin/v20160525/tasmin_EUR-11_ECMWF-ERAINT_evaluation_r1i1p1_MPI-CSC-REMO2009_v1_mon_198902-199012.nc
CORDEX,output,EUR-11,MPI-CSC,ECMWF-ERAINT,evaluation,r1i1p1,REMO2009,v1,mon,v20160525,199101-200012,tasmin,/mnt/CORDEX_CMIP6_tmp/aux_data/cmip5-cordex/CORDEX/output/EUR-11/MPI-CSC/ECMWF-ERAINT/evaluation/r1i1p1/REMO2009/v1/mon/tasmin/v20160525/tasmin_EUR-11_ECMWF-ERAINT_evaluation_r1i1p1_MPI-CSC-REMO2009_v1_mon_199101-200012.nc
CORDEX,output,EUR-11,MPI-CSC,ECMWF-ERAINT,evaluation,r1i1p1,REMO2009,v1,mon,v20160525,200101-200812,tasmin,/mnt/CORDEX_CMIP6_tmp/aux_data/cmip5-cordex/CORDEX/output/EUR-11/MPI-CSC/ECMWF-ERAINT/evaluation/r1i1p1/REMO2009/v1/mon/tasmin/v20160525/tasmin_EUR-11_ECMWF-ERAINT_evaluation_r1i1p1_MPI-CSC-REMO2009_v1_mon_200101-200812.nc
CORDEX,output,EUR-11,RMIB-UGent,ECMWF-ERAINT,evaluation,r1i1p1,ALARO-0,v1,fx,v20170523,,orog,/mnt/CORDEX_CMIP6_tmp/aux_data/cmip5-cordex/CORDEX/output/EUR-11/RMIB-UGent/ECMWF-ERAINT/evaluation/r1i1p1/ALARO-0/v1/fx/orog/v20170523/orog_EUR-11_ECMWF-ERAINT_evaluation_r1i1p1_RMIB-UGent-ALARO-0_v1_fx.nc
CORDEX,output,EUR-11,RMIB-UGent,ECMWF-ERAINT,evaluation,r1i1p1,ALARO-0,v1,fx,v20170523,,sftlf,/mnt/CORDEX_CMIP6_tmp/aux_data/cmip5-cordex/CORDEX/output/EUR-11/RMIB-UGent/ECMWF-ERAINT/evaluation/r1i1p1/ALARO-0/v1/fx/sftlf/v20170523/sftlf_EUR-11_ECMWF-ERAINT_evaluation_r1i1p1_RMIB-UGent-ALARO-0_v1_fx.nc
CORDEX,output,EUR-11,RMIB-UGent,ECMWF-ERAINT,evaluation,r1i1p1,ALARO-0,v1,mon,v20170207,198001-198012,pr,/mnt/CORDEX_CMIP6_tmp/aux_data/cmip5-cordex/CORDEX/output/EUR-11/RMIB-UGent/ECMWF-ERAINT/evaluation/r1i1p1/ALARO-0/v1/mon/pr/v20170207/pr_EUR-11_ECMWF-ERAINT_evaluation_r1i1p1_RMIB-UGent-ALARO-0_v1_mon_198001-198012.nc
CORDEX,output,EUR-11,RMIB-UGent,ECMWF-ERAINT,evaluation,r1i1p1,ALARO-0,v1,mon,v20170207,198101-199012,pr,/mnt/CORDEX_CMIP6_tmp/aux_data/cmip5-cordex/CORDEX/output/EUR-11/RMIB-UGent/ECMWF-ERAINT/evaluation/r1i1p1/ALARO-0/v1/mon/pr/v20170207/pr_EUR-11_ECMWF-ERAINT_evaluation_r1i1p1_RMIB-UGent-ALARO-0_v1_mon_198101-199012.nc
CORDEX,output,EUR-11,RMIB-UGent,ECMWF-ERAINT,evaluation,r1i1p1,ALARO-0,v1,mon,v20170207,199101-200012,pr,/mnt/CORDEX_CMIP6_tmp/aux_data/cmip5-cordex/CORDEX/output/EUR-11/RMIB-UGent/ECMWF-ERAINT/evaluation/r1i1p1/ALARO-0/v1/mon/pr/v20170207/pr_EUR-11_ECMWF-ERAINT_evaluation_r1i1p1_RMIB-UGent-ALARO-0_v1_mon_199101-200012.nc
CORDEX,output,EUR-11,RMIB-UGent,ECMWF-ERAINT,evaluation,r1i1p1,ALARO-0,v1,mon,v20170207,200101-201012,pr,/mnt/CORDEX_CMIP6_tmp/aux_data/cmip5-cordex/CORDEX/output/EUR-11/RMIB-UGent/ECMWF-ERAINT/evaluation/r1i1p1/ALARO-0/v1/mon/pr/v20170207/pr_EUR-11_ECMWF-ERAINT_evaluation_r1i1p1_RMIB-UGent-ALARO-0_v1_mon_200101-201012.nc
CORDEX,output,EUR-11,RMIB-UGent,ECMWF-ERAINT,evaluation,r1i1p1,ALARO-0,v1,mon,v20170207,198001-198012,tas,/mnt/CORDEX_CMIP6_tmp/aux_data/cmip5-cordex/CORDEX/output/EUR-11/RMIB-UGent/ECMWF-ERAINT/evaluation/r1i1p1/ALARO-0/v1/mon/tas/v20170207/tas_EUR-11_ECMWF-ERAINT_evaluation_r1i1p1_RMIB-UGent-ALARO-0_v1_mon_198001-198012.nc
CORDEX,output,EUR-11,RMIB-UGent,ECMWF-ERAINT,evaluation,r1i1p1,ALARO-0,v1,mon,v20170207,198101-199012,tas,/mnt/CORDEX_CMIP6_tmp/aux_data/cmip5-cordex/CORDEX/output/EUR-11/RMIB-UGent/ECMWF-ERAINT/evaluation/r1i1p1/ALARO-0/v1/mon/tas/v20170207/tas_EUR-11_ECMWF-ERAINT_evaluation_r1i1p1_RMIB-UGent-ALARO-0_v1_mon_198101-199012.nc
CORDEX,output,EUR-11,RMIB-UGent,ECMWF-ERAINT,evaluation,r1i1p1,ALARO-0,v1,mon,v20170207,199101-200012,tas,/mnt/CORDEX_CMIP6_tmp/aux_data/cmip5-cordex/CORDEX/output/EUR-11/RMIB-UGent/ECMWF-ERAINT/evaluation/r1i1p1/ALARO-0/v1/mon/tas/v20170207/tas_EUR-11_ECMWF-ERAINT_evaluation_r1i1p1_RMIB-UGent-ALARO-0_v1_mon_199101-200012.nc
CORDEX,output,EUR-11,RMIB-UGent,ECMWF-ERAINT,evaluation,r1i1p1,ALARO-0,v1,mon,v20170207,200101-201012,tas,/mnt/CORDEX_CMIP6_tmp/aux_data/cmip5-cordex/CORDEX/output/EUR-11/RMIB-UGent/ECMWF-ERAINT/evaluation/r1i1p1/ALARO-0/v1/mon/tas/v20170207/tas_EUR-11_ECMWF-ERAINT_evaluation_r1i1p1_RMIB-UGent-ALARO-0_v1_mon_200101-201012.nc
CORDEX,output,EUR-11,GERICS,ECMWF-ERAINT,evaluation,r0i0p0,REMO2015,v1,fx,v20180813,,orog,/mnt/CORDEX_CMIP6_tmp/aux_data/cmip5-cordex/CORDEX/output/EUR-11/GERICS/ECMWF-ERAINT/evaluation/r0i0p0/REMO2015/v1/fx/orog/v20180813/orog_EUR-11_ECMWF-ERAINT_evaluation_r0i0p0_GERICS-REMO2015_v1_fx.nc
CORDEX,output,EUR-11,GERICS,ECMWF-ERAINT,evaluation,r0i0p0,REMO2015,v1,fx,v20180813,,sftlf,/mnt/CORDEX_CMIP6_tmp/aux_data/cmip5-cordex/CORDEX/output/EUR-11/GERICS/ECMWF-ERAINT/evaluation/r0i0p0/REMO2015/v1/fx/sftlf/v20180813/sftlf_EUR-11_ECMWF-ERAINT_evaluation_r0i0p0_GERICS-REMO2015_v1_fx.nc
CORDEX,output,EUR-11,GERICS,ECMWF-ERAINT,evaluation,r1i1p1,REMO2015,v1,mon,v20180813,197902-198012,pr,/mnt/CORDEX_CMIP6_tmp/aux_data/cmip5-cordex/CORDEX/output/EUR-11/GERICS/ECMWF-ERAINT/evaluation/r1i1p1/REMO2015/v1/mon/pr/v20180813/pr_EUR-11_ECMWF-ERAINT_evaluation_r1i1p1_GERICS-REMO2015_v1_mon_197902-198012.nc
CORDEX,output,EUR-11,GERICS,ECMWF-ERAINT,evaluation,r1i1p1,REMO2015,v1,mon,v20180813,198101-199012,pr,/mnt/CORDEX_CMIP6_tmp/aux_data/cmip5-cordex/CORDEX/output/EUR-11/GERICS/ECMWF-ERAINT/evaluation/r1i1p1/REMO2015/v1/mon/pr/v20180813/pr_EUR-11_ECMWF-ERAINT_evaluation_r1i1p1_GERICS-REMO2015_v1_mon_198101-199012.nc
CORDEX,output,EUR-11,GERICS,ECMWF-ERAINT,evaluation,r1i1p1,REMO2015,v1,mon,v20180813,199101-200012,pr,/mnt/CORDEX_CMIP6_tmp/aux_data/cmip5-cordex/CORDEX/output/EUR-11/GERICS/ECMWF-ERAINT/evaluation/r1i1p1/REMO2015/v1/mon/pr/v20180813/pr_EUR-11_ECMWF-ERAINT_evaluation_r1i1p1_GERICS-REMO2015_v1_mon_199101-200012.nc
CORDEX,output,EUR-11,GERICS,ECMWF-ERAINT,evaluation,r1i1p1,REMO2015,v1,mon,v20180813,200101-201012,pr,/mnt/CORDEX_CMIP6_tmp/aux_data/cmip5-cordex/CORDEX/output/EUR-11/GERICS/ECMWF-ERAINT/evaluation/r1i1p1/REMO2015/v1/mon/pr/v20180813/pr_EUR-11_ECMWF-ERAINT_evaluation_r1i1p1_GERICS-REMO2015_v1_mon_200101-201012.nc
CORDEX,output,EUR-11,GERICS,ECMWF-ERAINT,evaluation,r1i1p1,REMO2015,v1,mon,v20180813,201101-201212,pr,/mnt/CORDEX_CMIP6_tmp/aux_data/cmip5-cordex/CORDEX/output/EUR-11/GERICS/ECMWF-ERAINT/evaluation/r1i1p1/REMO2015/v1/mon/pr/v20180813/pr_EUR-11_ECMWF-ERAINT_evaluation_r1i1p1_GERICS-REMO2015_v1_mon_201101-201212.nc
CORDEX,output,EUR-11,GERICS,ECMWF-ERAINT,evaluation,r1i1p1,REMO2015,v1,mon,v20180813,197902-198012,psl,/mnt/CORDEX_CMIP6_tmp/aux_data/cmip5-cordex/CORDEX/output/EUR-11/GERICS/ECMWF-ERAINT/evaluation/r1i1p1/REMO2015/v1/mon/psl/v20180813/psl_EUR-11_ECMWF-ERAINT_evaluation_r1i1p1_GERICS-REMO2015_v1_mon_197902-198012.nc
CORDEX,output,EUR-11,GERICS,ECMWF-ERAINT,evaluation,r1i1p1,REMO2015,v1,mon,v20180813,198101-199012,psl,/mnt/CORDEX_CMIP6_tmp/aux_data/cmip5-cordex/CORDEX/output/EUR-11/GERICS/ECMWF-ERAINT/evaluation/r1i1p1/REMO2015/v1/mon/psl/v20180813/psl_EUR-11_ECMWF-ERAINT_evaluation_r1i1p1_GERICS-REMO2015_v1_mon_198101-199012.nc
CORDEX,output,EUR-11,GERICS,ECMWF-ERAINT,evaluation,r1i1p1,REMO2015,v1,mon,v20180813,199101-200012,psl,/mnt/CORDEX_CMIP6_tmp/aux_data/cmip5-cordex/CORDEX/output/EUR-11/GERICS/ECMWF-ERAINT/evaluation/r1i1p1/REMO2015/v1/mon/psl/v20180813/psl_EUR-11_ECMWF-ERAINT_evaluation_r1i1p1_GERICS-REMO2015_v1_mon_199101-200012.nc
CORDEX,output,EUR-11,GERICS,ECMWF-ERAINT,evaluation,r1i1p1,REMO2015,v1,mon,v20180813,200101-201012,psl,/mnt/CORDEX_CMIP6_tmp/aux_data/cmip5-cordex/CORDEX/output/EUR-11/GERICS/ECMWF-ERAINT/evaluation/r1i1p1/REMO2015/v1/mon/psl/v20180813/psl_EUR-11_ECMWF-ERAINT_evaluation_r1i1p1_GERICS-REMO2015_v1_mon_200101-201012.nc
CORDEX,output,EUR-11,GERICS,ECMWF-ERAINT,evaluation,r1i1p1,REMO2015,v1,mon,v20180813,201101-201212,psl,/mnt/CORDEX_CMIP6_tmp/aux_data/cmip5-cordex/CORDEX/output/EUR-11/GERICS/ECMWF-ERAINT/evaluation/r1i1p1/REMO2015/v1/mon/psl/v20180813/psl_EUR-11_ECMWF-ERAINT_evaluation_r1i1p1_GERICS-REMO2015_v1_mon_201101-201212.nc
CORDEX,output,EUR-11,GERICS,ECMWF-ERAINT,evaluation,r1i1p1,REMO2015,v1,mon,v20180813,197902-198012,tas,/mnt/CORDEX_CMIP6_tmp/aux_data/cmip5-cordex/CORDEX/output/EUR-11/GERICS/ECMWF-ERAINT/evaluation/r1i1p1/REMO2015/v1/mon/tas/v20180813/tas_EUR-11_ECMWF-ERAINT_evaluation_r1i1p1_GERICS-REMO2015_v1_mon_197902-198012.nc
CORDEX,output,EUR-11,GERICS,ECMWF-ERAINT,evaluation,r1i1p1,REMO2015,v1,mon,v20180813,198101-199012,tas,/mnt/CORDEX_CMIP6_tmp/aux_data/cmip5-cordex/CORDEX/output/EUR-11/GERICS/ECMWF-ERAINT/evaluation/r1i1p1/REMO2015/v1/mon/tas/v20180813/tas_EUR-11_ECMWF-ERAINT_evaluation_r1i1p1_GERICS-REMO2015_v1_mon_198101-199012.nc
CORDEX,output,EUR-11,GERICS,ECMWF-ERAINT,evaluation,r1i1p1,REMO2015,v1,mon,v20180813,199101-200012,tas,/mnt/CORDEX_CMIP6_tmp/aux_data/cmip5-cordex/CORDEX/output/EUR-11/GERICS/ECMWF-ERAINT/evaluation/r1i1p1/REMO2015/v1/mon/tas/v20180813/tas_EUR-11_ECMWF-ERAINT_evaluation_r1i1p1_GERICS-REMO2015_v1_mon_199101-200012.nc
CORDEX,output,EUR-11,GERICS,ECMWF-ERAINT,evaluation,r1i1p1,REMO2015,v1,mon,v20180813,200101-201012,tas,/mnt/CORDEX_CMIP6_tmp/aux_data/cmip5-cordex/CORDEX/output/EUR-11/GERICS/ECMWF-ERAINT/evaluation/r1i1p1/REMO2015/v1/mon/tas/v20180813/tas_EUR-11_ECMWF-ERAINT_evaluation_r1i1p1_GERICS-REMO2015_v1_mon_200101-201012.nc
CORDEX,output,EUR-11,GERICS,ECMWF-ERAINT,evaluation,r1i1p1,REMO2015,v1,mon,v20180813,201101-201212,tas,/mnt/CORDEX_CMIP6_tmp/aux_data/cmip5-cordex/CORDEX/output/EUR-11/GERICS/ECMWF-ERAINT/evaluation/r1i1p1/REMO2015/v1/mon/tas/v20180813/tas_EUR-11_ECMWF-ERAINT_evaluation_r1i1p1_GERICS-REMO2015_v1_mon_201101-201212.nc
CORDEX,output,EUR-11,GERICS,ECMWF-ERAINT,evaluation,r1i1p1,REMO2015,v1,mon,v20180813,197902-198012,tasmax,/mnt/CORDEX_CMIP6_tmp/aux_data/cmip5-cordex/CORDEX/output/EUR-11/GERICS/ECMWF-ERAINT/evaluation/r1i1p1/REMO2015/v1/mon/tasmax/v20180813/tasmax_EUR-11_ECMWF-ERAINT_evaluation_r1i1p1_GERICS-REMO2015_v1_mon_197902-198012.nc
CORDEX,output,EUR-11,GERICS,ECMWF-ERAINT,evaluation,r1i1p1,REMO2015,v1,mon,v20180813,198101-199012,tasmax,/mnt/CORDEX_CMIP6_tmp/aux_data/cmip5-cordex/CORDEX/output/EUR-11/GERICS/ECMWF-ERAINT/evaluation/r1i1p1/REMO2015/v1/mon/tasmax/v20180813/tasmax_EUR-11_ECMWF-ERAINT_evaluation_r1i1p1_GERICS-REMO2015_v1_mon_198101-199012.nc
CORDEX,output,EUR-11,GERICS,ECMWF-ERAINT,evaluation,r1i1p1,REMO2015,v1,mon,v20180813,199101-200012,tasmax,/mnt/CORDEX_CMIP6_tmp/aux_data/cmip5-cordex/CORDEX/output/EUR-11/GERICS/ECMWF-ERAINT/evaluation/r1i1p1/REMO2015/v1/mon/tasmax/v20180813/tasmax_EUR-11_ECMWF-ERAINT_evaluation_r1i1p1_GERICS-REMO2015_v1_mon_199101-200012.nc
CORDEX,output,EUR-11,GERICS,ECMWF-ERAINT,evaluation,r1i1p1,REMO2015,v1,mon,v20180813,200101-201012,tasmax,/mnt/CORDEX_CMIP6_tmp/aux_data/cmip5-cordex/CORDEX/output/EUR-11/GERICS/ECMWF-ERAINT/evaluation/r1i1p1/REMO2015/v1/mon/tasmax/v20180813/tasmax_EUR-11_ECMWF-ERAINT_evaluation_r1i1p1_GERICS-REMO2015_v1_mon_200101-201012.nc
CORDEX,output,EUR-11,GERICS,ECMWF-ERAINT,evaluation,r1i1p1,REMO2015,v1,mon,v20180813,201101-201212,tasmax,/mnt/CORDEX_CMIP6_tmp/aux_data/cmip5-cordex/CORDEX/output/EUR-11/GERICS/ECMWF-ERAINT/evaluation/r1i1p1/REMO2015/v1/mon/tasmax/v20180813/tasmax_EUR-11_ECMWF-ERAINT_evaluation_r1i1p1_GERICS-REMO2015_v1_mon_201101-201212.nc
CORDEX,output,EUR-11,GERICS,ECMWF-ERAINT,evaluation,r1i1p1,REMO2015,v1,mon,v20180813,197902-198012,tasmin,/mnt/CORDEX_CMIP6_tmp/aux_data/cmip5-cordex/CORDEX/output/EUR-11/GERICS/ECMWF-ERAINT/evaluation/r1i1p1/REMO2015/v1/mon/tasmin/v20180813/tasmin_EUR-11_ECMWF-ERAINT_evaluation_r1i1p1_GERICS-REMO2015_v1_mon_197902-198012.nc
CORDEX,output,EUR-11,GERICS,ECMWF-ERAINT,evaluation,r1i1p1,REMO2015,v1,mon,v20180813,198101-199012,tasmin,/mnt/CORDEX_CMIP6_tmp/aux_data/cmip5-cordex/CORDEX/output/EUR-11/GERICS/ECMWF-ERAINT/evaluation/r1i1p1/REMO2015/v1/mon/tasmin/v20180813/tasmin_EUR-11_ECMWF-ERAINT_evaluation_r1i1p1_GERICS-REMO2015_v1_mon_198101-199012.nc
CORDEX,output,EUR-11,GERICS,ECMWF-ERAINT,evaluation,r1i1p1,REMO2015,v1,mon,v20180813,199101-200012,tasmin,/mnt/CORDEX_CMIP6_tmp/aux_data/cmip5-cordex/CORDEX/output/EUR-11/GERICS/ECMWF-ERAINT/evaluation/r1i1p1/REMO2015/v1/mon/tasmin/v20180813/tasmin_EUR-11_ECMWF-ERAINT_evaluation_r1i1p1_GERICS-REMO2015_v1_mon_199101-200012.nc
CORDEX,output,EUR-11,GERICS,ECMWF-ERAINT,evaluation,r1i1p1,REMO2015,v1,mon,v20180813,200101-201012,tasmin,/mnt/CORDEX_CMIP6_tmp/aux_data/cmip5-cordex/CORDEX/output/EUR-11/GERICS/ECMWF-ERAINT/evaluation/r1i1p1/REMO2015/v1/mon/tasmin/v20180813/tasmin_EUR-11_ECMWF-ERAINT_evaluation_r1i1p1_GERICS-REMO2015_v1_mon_200101-201012.nc
CORDEX,output,EUR-11,GERICS,ECMWF-ERAINT,evaluation,r1i1p1,REMO2015,v1,mon,v20180813,201101-201212,tasmin,/mnt/CORDEX_CMIP6_tmp/aux_data/cmip5-cordex/CORDEX/output/EUR-11/GERICS/ECMWF-ERAINT/evaluation/r1i1p1/REMO2015/v1/mon/tasmin/v20180813/tasmin_EUR-11_ECMWF-ERAINT_evaluation_r1i1p1_GERICS-REMO2015_v1_mon_201101-201212.nc
CORDEX,output,EUR-11,CLMcom-ETH,ECMWF-ERAINT,evaluation,r0i0p0,COSMO-crCLIM-v1-1,v1,fx,v20191210,,orog,/mnt/CORDEX_CMIP6_tmp/aux_data/cmip5-cordex/CORDEX/output/EUR-11/CLMcom-ETH/ECMWF-ERAINT/evaluation/r0i0p0/COSMO-crCLIM-v1-1/v1/fx/orog/v20191210/orog_EUR-11_ECMWF-ERAINT_evaluation_r0i0p0_CLMcom-ETH-COSMO-crCLIM-v1-1_v1_fx.nc
CORDEX,output,EUR-11,CLMcom-ETH,ECMWF-ERAINT,evaluation,r0i0p0,COSMO-crCLIM-v1-1,v1,fx,v20191210,,sftlf,/mnt/CORDEX_CMIP6_tmp/aux_data/cmip5-cordex/CORDEX/output/EUR-11/CLMcom-ETH/ECMWF-ERAINT/evaluation/r0i0p0/COSMO-crCLIM-v1-1/v1/fx/sftlf/v20191210/sftlf_EUR-11_ECMWF-ERAINT_evaluation_r0i0p0_CLMcom-ETH-COSMO-crCLIM-v1-1_v1_fx.nc
CORDEX,output,EUR-11,CLMcom-ETH,ECMWF-ERAINT,evaluation,r1i1p1,COSMO-crCLIM-v1-1,v1,mon,v20191210,197901-198012,pr,/mnt/CORDEX_CMIP6_tmp/aux_data/cmip5-cordex/CORDEX/output/EUR-11/CLMcom-ETH/ECMWF-ERAINT/evaluation/r1i1p1/COSMO-crCLIM-v1-1/v1/mon/pr/v20191210/pr_EUR-11_ECMWF-ERAINT_evaluation_r1i1p1_CLMcom-ETH-COSMO-crCLIM-v1-1_v1_mon_197901-198012.nc
CORDEX,output,EUR-11,CLMcom-ETH,ECMWF-ERAINT,evaluation,r1i1p1,COSMO-crCLIM-v1-1,v1,mon,v20191210,198101-199012,pr,/mnt/CORDEX_CMIP6_tmp/aux_data/cmip5-cordex/CORDEX/output/EUR-11/CLMcom-ETH/ECMWF-ERAINT/evaluation/r1i1p1/COSMO-crCLIM-v1-1/v1/mon/pr/v20191210/pr_EUR-11_ECMWF-ERAINT_evaluation_r1i1p1_CLMcom-ETH-COSMO-crCLIM-v1-1_v1_mon_198101-199012.nc
CORDEX,output,EUR-11,CLMcom-ETH,ECMWF-ERAINT,evaluation,r1i1p1,COSMO-crCLIM-v1-1,v1,mon,v20191210,199101-200012,pr,/mnt/CORDEX_CMIP6_tmp/aux_data/cmip5-cordex/CORDEX/output/EUR-11/CLMcom-ETH/ECMWF-ERAINT/evaluation/r1i1p1/COSMO-crCLIM-v1-1/v1/mon/pr/v20191210/pr_EUR-11_ECMWF-ERAINT_evaluation_r1i1p1_CLMcom-ETH-COSMO-crCLIM-v1-1_v1_mon_199101-200012.nc
CORDEX,output,EUR-11,CLMcom-ETH,ECMWF-ERAINT,evaluation,r1i1p1,COSMO-crCLIM-v1-1,v1,mon,v20191210,200101-201012,pr,/mnt/CORDEX_CMIP6_tmp/aux_data/cmip5-cordex/CORDEX/output/EUR-11/CLMcom-ETH/ECMWF-ERAINT/evaluation/r1i1p1/COSMO-crCLIM-v1-1/v1/mon/pr/v20191210/pr_EUR-11_ECMWF-ERAINT_evaluation_r1i1p1_CLMcom-ETH-COSMO-crCLIM-v1-1_v1_mon_200101-201012.nc
CORDEX,output,EUR-11,CLMcom-ETH,ECMWF-ERAINT,evaluation,r1i1p1,COSMO-crCLIM-v1-1,v1,mon,v20191210,197901-198012,psl,/mnt/CORDEX_CMIP6_tmp/aux_data/cmip5-cordex/CORDEX/output/EUR-11/CLMcom-ETH/ECMWF-ERAINT/evaluation/r1i1p1/COSMO-crCLIM-v1-1/v1/mon/psl/v20191210/psl_EUR-11_ECMWF-ERAINT_evaluation_r1i1p1_CLMcom-ETH-COSMO-crCLIM-v1-1_v1_mon_197901-198012.nc
CORDEX,output,EUR-11,CLMcom-ETH,ECMWF-ERAINT,evaluation,r1i1p1,COSMO-crCLIM-v1-1,v1,mon,v20191210,198101-199012,psl,/mnt/CORDEX_CMIP6_tmp/aux_data/cmip5-cordex/CORDEX/output/EUR-11/CLMcom-ETH/ECMWF-ERAINT/evaluation/r1i1p1/COSMO-crCLIM-v1-1/v1/mon/psl/v20191210/psl_EUR-11_ECMWF-ERAINT_evaluation_r1i1p1_CLMcom-ETH-COSMO-crCLIM-v1-1_v1_mon_198101-199012.nc
CORDEX,output,EUR-11,CLMcom-ETH,ECMWF-ERAINT,evaluation,r1i1p1,COSMO-crCLIM-v1-1,v1,mon,v20191210,199101-200012,psl,/mnt/CORDEX_CMIP6_tmp/aux_data/cmip5-cordex/CORDEX/output/EUR-11/CLMcom-ETH/ECMWF-ERAINT/evaluation/r1i1p1/COSMO-crCLIM-v1-1/v1/mon/psl/v20191210/psl_EUR-11_ECMWF-ERAINT_evaluation_r1i1p1_CLMcom-ETH-COSMO-crCLIM-v1-1_v1_mon_199101-200012.nc
CORDEX,output,EUR-11,CLMcom-ETH,ECMWF-ERAINT,evaluation,r1i1p1,COSMO-crCLIM-v1-1,v1,mon,v20191210,200101-201012,psl,/mnt/CORDEX_CMIP6_tmp/aux_data/cmip5-cordex/CORDEX/output/EUR-11/CLMcom-ETH/ECMWF-ERAINT/evaluation/r1i1p1/COSMO-crCLIM-v1-1/v1/mon/psl/v20191210/psl_EUR-11_ECMWF-ERAINT_evaluation_r1i1p1_CLMcom-ETH-COSMO-crCLIM-v1-1_v1_mon_200101-201012.nc
CORDEX,output,EUR-11,CLMcom-ETH,ECMWF-ERAINT,evaluation,r1i1p1,COSMO-crCLIM-v1-1,v1,mon,v20191210,197901-198012,tas,/mnt/CORDEX_CMIP6_tmp/aux_data/cmip5-cordex/CORDEX/output/EUR-11/CLMcom-ETH/ECMWF-ERAINT/evaluation/r1i1p1/COSMO-crCLIM-v1-1/v1/mon/tas/v20191210/tas_EUR-11_ECMWF-ERAINT_evaluation_r1i1p1_CLMcom-ETH-COSMO-crCLIM-v1-1_v1_mon_197901-198012.nc
CORDEX,output,EUR-11,CLMcom-ETH,ECMWF-ERAINT,evaluation,r1i1p1,COSMO-crCLIM-v1-1,v1,mon,v20191210,198101-199012,tas,/mnt/CORDEX_CMIP6_tmp/aux_data/cmip5-cordex/CORDEX/output/EUR-11/CLMcom-ETH/ECMWF-ERAINT/evaluation/r1i1p1/COSMO-crCLIM-v1-1/v1/mon/tas/v20191210/tas_EUR-11_ECMWF-ERAINT_evaluation_r1i1p1_CLMcom-ETH-COSMO-crCLIM-v1-1_v1_mon_198101-199012.nc
CORDEX,output,EUR-11,CLMcom-ETH,ECMWF-ERAINT,evaluation,r1i1p1,COSMO-crCLIM-v1-1,v1,mon,v20191210,199101-200012,tas,/mnt/CORDEX_CMIP6_tmp/aux_data/cmip5-cordex/CORDEX/output/EUR-11/CLMcom-ETH/ECMWF-ERAINT/evaluation/r1i1p1/COSMO-crCLIM-v1-1/v1/mon/tas/v20191210/tas_EUR-11_ECMWF-ERAINT_evaluation_r1i1p1_CLMcom-ETH-COSMO-crCLIM-v1-1_v1_mon_199101-200012.nc
CORDEX,output,EUR-11,CLMcom-ETH,ECMWF-ERAINT,evaluation,r1i1p1,COSMO-crCLIM-v1-1,v1,mon,v20191210,200101-201012,tas,/mnt/CORDEX_CMIP6_tmp/aux_data/cmip5-cordex/CORDEX/output/EUR-11/CLMcom-ETH/ECMWF-ERAINT/evaluation/r1i1p1/COSMO-crCLIM-v1-1/v1/mon/tas/v20191210/tas_EUR-11_ECMWF-ERAINT_evaluation_r1i1p1_CLMcom-ETH-COSMO-crCLIM-v1-1_v1_mon_200101-201012.nc
CORDEX,output,EUR-11,CLMcom-ETH,ECMWF-ERAINT,evaluation,r1i1p1,COSMO-crCLIM-v1-1,v1,mon,v20191210,197901-198012,tasmax,/mnt/CORDEX_CMIP6_tmp/aux_data/cmip5-cordex/CORDEX/output/EUR-11/CLMcom-ETH/ECMWF-ERAINT/evaluation/r1i1p1/COSMO-crCLIM-v1-1/v1/mon/tasmax/v20191210/tasmax_EUR-11_ECMWF-ERAINT_evaluation_r1i1p1_CLMcom-ETH-COSMO-crCLIM-v1-1_v1_mon_197901-198012.nc
CORDEX,output,EUR-11,CLMcom-ETH,ECMWF-ERAINT,evaluation,r1i1p1,COSMO-crCLIM-v1-1,v1,mon,v20191210,198101-199012,tasmax,/mnt/CORDEX_CMIP6_tmp/aux_data/cmip5-cordex/CORDEX/output/EUR-11/CLMcom-ETH/ECMWF-ERAINT/evaluation/r1i1p1/COSMO-crCLIM-v1-1/v1/mon/tasmax/v20191210/tasmax_EUR-11_ECMWF-ERAINT_evaluation_r1i1p1_CLMcom-ETH-COSMO-crCLIM-v1-1_v1_mon_198101-199012.nc
CORDEX,output,EUR-11,CLMcom-ETH,ECMWF-ERAINT,evaluation,r1i1p1,COSMO-crCLIM-v1-1,v1,mon,v20191210,199101-200012,tasmax,/mnt/CORDEX_CMIP6_tmp/aux_data/cmip5-cordex/CORDEX/output/EUR-11/CLMcom-ETH/ECMWF-ERAINT/evaluation/r1i1p1/COSMO-crCLIM-v1-1/v1/mon/tasmax/v20191210/tasmax_EUR-11_ECMWF-ERAINT_evaluation_r1i1p1_CLMcom-ETH-COSMO-crCLIM-v1-1_v1_mon_199101-200012.nc
CORDEX,output,EUR-11,CLMcom-ETH,ECMWF-ERAINT,evaluation,r1i1p1,COSMO-crCLIM-v1-1,v1,mon,v20191210,200101-201012,tasmax,/mnt/CORDEX_CMIP6_tmp/aux_data/cmip5-cordex/CORDEX/output/EUR-11/CLMcom-ETH/ECMWF-ERAINT/evaluation/r1i1p1/COSMO-crCLIM-v1-1/v1/mon/tasmax/v20191210/tasmax_EUR-11_ECMWF-ERAINT_evaluation_r1i1p1_CLMcom-ETH-COSMO-crCLIM-v1-1_v1_mon_200101-201012.nc
CORDEX,output,EUR-11,CLMcom-ETH,ECMWF-ERAINT,evaluation,r1i1p1,COSMO-crCLIM-v1-1,v1,mon,v20191210,197901-198012,tasmin,/mnt/CORDEX_CMIP6_tmp/aux_data/cmip5-cordex/CORDEX/output/EUR-11/CLMcom-ETH/ECMWF-ERAINT/evaluation/r1i1p1/COSMO-crCLIM-v1-1/v1/mon/tasmin/v20191210/tasmin_EUR-11_ECMWF-ERAINT_evaluation_r1i1p1_CLMcom-ETH-COSMO-crCLIM-v1-1_v1_mon_197901-198012.nc
CORDEX,output,EUR-11,CLMcom-ETH,ECMWF-ERAINT,evaluation,r1i1p1,COSMO-crCLIM-v1-1,v1,mon,v20191210,198101-199012,tasmin,/mnt/CORDEX_CMIP6_tmp/aux_data/cmip5-cordex/CORDEX/output/EUR-11/CLMcom-ETH/ECMWF-ERAINT/evaluation/r1i1p1/COSMO-crCLIM-v1-1/v1/mon/tasmin/v20191210/tasmin_EUR-11_ECMWF-ERAINT_evaluation_r1i1p1_CLMcom-ETH-COSMO-crCLIM-v1-1_v1_mon_198101-199012.nc
CORDEX,output,EUR-11,CLMcom-ETH,ECMWF-ERAINT,evaluation,r1i1p1,COSMO-crCLIM-v1-1,v1,mon,v20191210,199101-200012,tasmin,/mnt/CORDEX_CMIP6_tmp/aux_data/cmip5-cordex/CORDEX/output/EUR-11/CLMcom-ETH/ECMWF-ERAINT/evaluation/r1i1p1/COSMO-crCLIM-v1-1/v1/mon/tasmin/v20191210/tasmin_EUR-11_ECMWF-ERAINT_evaluation_r1i1p1_CLMcom-ETH-COSMO-crCLIM-v1-1_v1_mon_199101-200012.nc
CORDEX,output,EUR-11,CLMcom-ETH,ECMWF-ERAINT,evaluation,r1i1p1,COSMO-crCLIM-v1-1,v1,mon,v20191210,200101-201012,tasmin,/mnt/CORDEX_CMIP6_tmp/aux_data/cmip5-cordex/CORDEX/output/EUR-11/CLMcom-ETH/ECMWF-ERAINT/evaluation/r1i1p1/COSMO-crCLIM-v1-1/v1/mon/tasmin/v20191210/tasmin_EUR-11_ECMWF-ERAINT_evaluation_r1i1p1_CLMcom-ETH-COSMO-crCLIM-v1-1_v1_mon_200101-201012.nc
CORDEX,output,EUR-11,IPSL,ECMWF-ERAINT,evaluation,r1i1p1,WRF381P,v1,day,v20190919,19890101-19931231,pr,/mnt/CORDEX_CMIP6_tmp/aux_data/cmip5-cordex/CORDEX/output/EUR-11/IPSL/ECMWF-ERAINT/evaluation/r1i1p1/WRF381P/v1/day/pr/v20190919/pr_EUR-11_ECMWF-ERAINT_evaluation_r1i1p1_IPSL-WRF381P_v1_day_19890101-19931231.nc
CORDEX,output,EUR-11,IPSL,ECMWF-ERAINT,evaluation,r1i1p1,WRF381P,v1,day,v20190919,19940101-19981231,pr,/mnt/CORDEX_CMIP6_tmp/aux_data/cmip5-cordex/CORDEX/output/EUR-11/IPSL/ECMWF-ERAINT/evaluation/r1i1p1/WRF381P/v1/day/pr/v20190919/pr_EUR-11_ECMWF-ERAINT_evaluation_r1i1p1_IPSL-WRF381P_v1_day_19940101-19981231.nc
CORDEX,output,EUR-11,IPSL,ECMWF-ERAINT,evaluation,r1i1p1,WRF381P,v1,day,v20190919,19990101-20031231,pr,/mnt/CORDEX_CMIP6_tmp/aux_data/cmip5-cordex/CORDEX/output/EUR-11/IPSL/ECMWF-ERAINT/evaluation/r1i1p1/WRF381P/v1/day/pr/v20190919/pr_EUR-11_ECMWF-ERAINT_evaluation_r1i1p1_IPSL-WRF381P_v1_day_19990101-20031231.nc
CORDEX,output,EUR-11,IPSL,ECMWF-ERAINT,evaluation,r1i1p1,WRF381P,v1,day,v20190919,20040101-20081231,pr,/mnt/CORDEX_CMIP6_tmp/aux_data/cmip5-cordex/CORDEX/output/EUR-11/IPSL/ECMWF-ERAINT/evaluation/r1i1p1/WRF381P/v1/day/pr/v20190919/pr_EUR-11_ECMWF-ERAINT_evaluation_r1i1p1_IPSL-WRF381P_v1_day_20040101-20081231.nc
CORDEX,output,EUR-11,IPSL,ECMWF-ERAINT,evaluation,r1i1p1,WRF381P,v1,day,v20190919,19890101-19931231,psl,/mnt/CORDEX_CMIP6_tmp/aux_data/cmip5-cordex/CORDEX/output/EUR-11/IPSL/ECMWF-ERAINT/evaluation/r1i1p1/WRF381P/v1/day/psl/v20190919/psl_EUR-11_ECMWF-ERAINT_evaluation_r1i1p1_IPSL-WRF381P_v1_day_19890101-19931231.nc
CORDEX,output,EUR-11,IPSL,ECMWF-ERAINT,evaluation,r1i1p1,WRF381P,v1,day,v20190919,19940101-19981231,psl,/mnt/CORDEX_CMIP6_tmp/aux_data/cmip5-cordex/CORDEX/output/EUR-11/IPSL/ECMWF-ERAINT/evaluation/r1i1p1/WRF381P/v1/day/psl/v20190919/psl_EUR-11_ECMWF-ERAINT_evaluation_r1i1p1_IPSL-WRF381P_v1_day_19940101-19981231.nc
CORDEX,output,EUR-11,IPSL,ECMWF-ERAINT,evaluation,r1i1p1,WRF381P,v1,day,v20190919,19990101-20031231,psl,/mnt/CORDEX_CMIP6_tmp/aux_data/cmip5-cordex/CORDEX/output/EUR-11/IPSL/ECMWF-ERAINT/evaluation/r1i1p1/WRF381P/v1/day/psl/v20190919/psl_EUR-11_ECMWF-ERAINT_evaluation_r1i1p1_IPSL-WRF381P_v1_day_19990101-20031231.nc
CORDEX,output,EUR-11,IPSL,ECMWF-ERAINT,evaluation,r1i1p1,WRF381P,v1,day,v20190919,20040101-20081231,psl,/mnt/CORDEX_CMIP6_tmp/aux_data/cmip5-cordex/CORDEX/output/EUR-11/IPSL/ECMWF-ERAINT/evaluation/r1i1p1/WRF381P/v1/day/psl/v20190919/psl_EUR-11_ECMWF-ERAINT_evaluation_r1i1p1_IPSL-WRF381P_v1_day_20040101-20081231.nc
CORDEX,output,EUR-11,IPSL,ECMWF-ERAINT,evaluation,r1i1p1,WRF381P,v1,day,v20190919,19890101-19931231,tas,/mnt/CORDEX_CMIP6_tmp/aux_data/cmip5-cordex/CORDEX/output/EUR-11/IPSL/ECMWF-ERAINT/evaluation/r1i1p1/WRF381P/v1/day/tas/v20190919/tas_EUR-11_ECMWF-ERAINT_evaluation_r1i1p1_IPSL-WRF381P_v1_day_19890101-19931231.nc
CORDEX,output,EUR-11,IPSL,ECMWF-ERAINT,evaluation,r1i1p1,WRF381P,v1,day,v20190919,19940101-19981231,tas,/mnt/CORDEX_CMIP6_tmp/aux_data/cmip5-cordex/CORDEX/output/EUR-11/IPSL/ECMWF-ERAINT/evaluation/r1i1p1/WRF381P/v1/day/tas/v20190919/tas_EUR-11_ECMWF-ERAINT_evaluation_r1i1p1_IPSL-WRF381P_v1_day_19940101-19981231.nc
CORDEX,output,EUR-11,IPSL,ECMWF-ERAINT,evaluation,r1i1p1,WRF381P,v1,day,v20190919,19990101-20031231,tas,/mnt/CORDEX_CMIP6_tmp/aux_data/cmip5-cordex/CORDEX/output/EUR-11/IPSL/ECMWF-ERAINT/evaluation/r1i1p1/WRF381P/v1/day/tas/v20190919/tas_EUR-11_ECMWF-ERAINT_evaluation_r1i1p1_IPSL-WRF381P_v1_day_19990101-20031231.nc
CORDEX,output,EUR-11,IPSL,ECMWF-ERAINT,evaluation,r1i1p1,WRF381P,v1,day,v20190919,20040101-20081231,tas,/mnt/CORDEX_CMIP6_tmp/aux_data/cmip5-cordex/CORDEX/output/EUR-11/IPSL/ECMWF-ERAINT/evaluation/r1i1p1/WRF381P/v1/day/tas/v20190919/tas_EUR-11_ECMWF-ERAINT_evaluation_r1i1p1_IPSL-WRF381P_v1_day_20040101-20081231.nc
CORDEX,output,EUR-11,IPSL,ECMWF-ERAINT,evaluation,r1i1p1,WRF381P,v1,day,v20190919,19890101-19931231,tasmax,/mnt/CORDEX_CMIP6_tmp/aux_data/cmip5-cordex/CORDEX/output/EUR-11/IPSL/ECMWF-ERAINT/evaluation/r1i1p1/WRF381P/v1/day/tasmax/v20190919/tasmax_EUR-11_ECMWF-ERAINT_evaluation_r1i1p1_IPSL-WRF381P_v1_day_19890101-19931231.nc
CORDEX,output,EUR-11,IPSL,ECMWF-ERAINT,evaluation,r1i1p1,WRF381P,v1,day,v20190919,19940101-19981231,tasmax,/mnt/CORDEX_CMIP6_tmp/aux_data/cmip5-cordex/CORDEX/output/EUR-11/IPSL/ECMWF-ERAINT/evaluation/r1i1p1/WRF381P/v1/day/tasmax/v20190919/tasmax_EUR-11_ECMWF-ERAINT_evaluation_r1i1p1_IPSL-WRF381P_v1_day_19940101-19981231.nc
CORDEX,output,EUR-11,IPSL,ECMWF-ERAINT,evaluation,r1i1p1,WRF381P,v1,day,v20190919,19990101-20031231,tasmax,/mnt/CORDEX_CMIP6_tmp/aux_data/cmip5-cordex/CORDEX/output/EUR-11/IPSL/ECMWF-ERAINT/evaluation/r1i1p1/WRF381P/v1/day/tasmax/v20190919/tasmax_EUR-11_ECMWF-ERAINT_evaluation_r1i1p1_IPSL-WRF381P_v1_day_19990101-20031231.nc
CORDEX,output,EUR-11,IPSL,ECMWF-ERAINT,evaluation,r1i1p1,WRF381P,v1,day,v20190919,20040101-20081231,tasmax,/mnt/CORDEX_CMIP6_tmp/aux_data/cmip5-cordex/CORDEX/output/EUR-11/IPSL/ECMWF-ERAINT/evaluation/r1i1p1/WRF381P/v1/day/tasmax/v20190919/tasmax_EUR-11_ECMWF-ERAINT_evaluation_r1i1p1_IPSL-WRF381P_v1_day_20040101-20081231.nc
CORDEX,output,EUR-11,IPSL,ECMWF-ERAINT,evaluation,r1i1p1,WRF381P,v1,day,v20190919,19890101-19931231,tasmin,/mnt/CORDEX_CMIP6_tmp/aux_data/cmip5-cordex/CORDEX/output/EUR-11/IPSL/ECMWF-ERAINT/evaluation/r1i1p1/WRF381P/v1/day/tasmin/v20190919/tasmin_EUR-11_ECMWF-ERAINT_evaluation_r1i1p1_IPSL-WRF381P_v1_day_19890101-19931231.nc
CORDEX,output,EUR-11,IPSL,ECMWF-ERAINT,evaluation,r1i1p1,WRF381P,v1,day,v20190919,19940101-19981231,tasmin,/mnt/CORDEX_CMIP6_tmp/aux_data/cmip5-cordex/CORDEX/output/EUR-11/IPSL/ECMWF-ERAINT/evaluation/r1i1p1/WRF381P/v1/day/tasmin/v20190919/tasmin_EUR-11_ECMWF-ERAINT_evaluation_r1i1p1_IPSL-WRF381P_v1_day_19940101-19981231.nc
CORDEX,output,EUR-11,IPSL,ECMWF-ERAINT,evaluation,r1i1p1,WRF381P,v1,day,v20190919,19990101-20031231,tasmin,/mnt/CORDEX_CMIP6_tmp/aux_data/cmip5-cordex/CORDEX/output/EUR-11/IPSL/ECMWF-ERAINT/evaluation/r1i1p1/WRF381P/v1/day/tasmin/v20190919/tasmin_EUR-11_ECMWF-ERAINT_evaluation_r1i1p1_IPSL-WRF381P_v1_day_19990101-20031231.nc
CORDEX,output,EUR-11,IPSL,ECMWF-ERAINT,evaluation,r1i1p1,WRF381P,v1,day,v20190919,20040101-20081231,tasmin,/mnt/CORDEX_CMIP6_tmp/aux_data/cmip5-cordex/CORDEX/output/EUR-11/IPSL/ECMWF-ERAINT/evaluation/r1i1p1/WRF381P/v1/day/tasmin/v20190919/tasmin_EUR-11_ECMWF-ERAINT_evaluation_r1i1p1_IPSL-WRF381P_v1_day_20040101-20081231.nc
